,buying,maint,doors,persons,lug_boot,safety,class,Buying_1,Maint_1,doors_1,persons_1,lug_boot_1,safety_1
0,vhigh,vhigh,2,2,small,low,unacc,3,3,0,0,2,1
1,vhigh,vhigh,2,2,small,med,unacc,3,3,0,0,2,2
2,vhigh,vhigh,2,2,small,high,unacc,3,3,0,0,2,0
3,vhigh,vhigh,2,2,med,low,unacc,3,3,0,0,1,1
4,vhigh,vhigh,2,2,med,med,unacc,3,3,0,0,1,2
5,vhigh,vhigh,2,2,med,high,unacc,3,3,0,0,1,0
6,vhigh,vhigh,2,2,big,low,unacc,3,3,0,0,0,1
7,vhigh,vhigh,2,2,big,med,unacc,3,3,0,0,0,2
8,vhigh,vhigh,2,2,big,high,unacc,3,3,0,0,0,0
9,vhigh,vhigh,2,4,small,low,unacc,3,3,0,1,2,1
10,vhigh,vhigh,2,4,small,med,unacc,3,3,0,1,2,2
11,vhigh,vhigh,2,4,small,high,unacc,3,3,0,1,2,0
12,vhigh,vhigh,2,4,med,low,unacc,3,3,0,1,1,1
13,vhigh,vhigh,2,4,med,med,unacc,3,3,0,1,1,2
14,vhigh,vhigh,2,4,med,high,unacc,3,3,0,1,1,0
15,vhigh,vhigh,2,4,big,low,unacc,3,3,0,1,0,1
16,vhigh,vhigh,2,4,big,med,unacc,3,3,0,1,0,2
17,vhigh,vhigh,2,4,big,high,unacc,3,3,0,1,0,0
18,vhigh,vhigh,2,more,small,low,unacc,3,3,0,2,2,1
19,vhigh,vhigh,2,more,small,med,unacc,3,3,0,2,2,2
20,vhigh,vhigh,2,more,small,high,unacc,3,3,0,2,2,0
21,vhigh,vhigh,2,more,med,low,unacc,3,3,0,2,1,1
22,vhigh,vhigh,2,more,med,med,unacc,3,3,0,2,1,2
23,vhigh,vhigh,2,more,med,high,unacc,3,3,0,2,1,0
24,vhigh,vhigh,2,more,big,low,unacc,3,3,0,2,0,1
25,vhigh,vhigh,2,more,big,med,unacc,3,3,0,2,0,2
26,vhigh,vhigh,2,more,big,high,unacc,3,3,0,2,0,0
27,vhigh,vhigh,3,2,small,low,unacc,3,3,1,0,2,1
28,vhigh,vhigh,3,2,small,med,unacc,3,3,1,0,2,2
29,vhigh,vhigh,3,2,small,high,unacc,3,3,1,0,2,0
30,vhigh,vhigh,3,2,med,low,unacc,3,3,1,0,1,1
31,vhigh,vhigh,3,2,med,med,unacc,3,3,1,0,1,2
32,vhigh,vhigh,3,2,med,high,unacc,3,3,1,0,1,0
33,vhigh,vhigh,3,2,big,low,unacc,3,3,1,0,0,1
34,vhigh,vhigh,3,2,big,med,unacc,3,3,1,0,0,2
35,vhigh,vhigh,3,2,big,high,unacc,3,3,1,0,0,0
36,vhigh,vhigh,3,4,small,low,unacc,3,3,1,1,2,1
37,vhigh,vhigh,3,4,small,med,unacc,3,3,1,1,2,2
38,vhigh,vhigh,3,4,small,high,unacc,3,3,1,1,2,0
39,vhigh,vhigh,3,4,med,low,unacc,3,3,1,1,1,1
40,vhigh,vhigh,3,4,med,med,unacc,3,3,1,1,1,2
41,vhigh,vhigh,3,4,med,high,unacc,3,3,1,1,1,0
42,vhigh,vhigh,3,4,big,low,unacc,3,3,1,1,0,1
43,vhigh,vhigh,3,4,big,med,unacc,3,3,1,1,0,2
44,vhigh,vhigh,3,4,big,high,unacc,3,3,1,1,0,0
45,vhigh,vhigh,3,more,small,low,unacc,3,3,1,2,2,1
46,vhigh,vhigh,3,more,small,med,unacc,3,3,1,2,2,2
47,vhigh,vhigh,3,more,small,high,unacc,3,3,1,2,2,0
48,vhigh,vhigh,3,more,med,low,unacc,3,3,1,2,1,1
49,vhigh,vhigh,3,more,med,med,unacc,3,3,1,2,1,2
50,vhigh,vhigh,3,more,med,high,unacc,3,3,1,2,1,0
51,vhigh,vhigh,3,more,big,low,unacc,3,3,1,2,0,1
52,vhigh,vhigh,3,more,big,med,unacc,3,3,1,2,0,2
53,vhigh,vhigh,3,more,big,high,unacc,3,3,1,2,0,0
54,vhigh,vhigh,4,2,small,low,unacc,3,3,2,0,2,1
55,vhigh,vhigh,4,2,small,med,unacc,3,3,2,0,2,2
56,vhigh,vhigh,4,2,small,high,unacc,3,3,2,0,2,0
57,vhigh,vhigh,4,2,med,low,unacc,3,3,2,0,1,1
58,vhigh,vhigh,4,2,med,med,unacc,3,3,2,0,1,2
59,vhigh,vhigh,4,2,med,high,unacc,3,3,2,0,1,0
60,vhigh,vhigh,4,2,big,low,unacc,3,3,2,0,0,1
61,vhigh,vhigh,4,2,big,med,unacc,3,3,2,0,0,2
62,vhigh,vhigh,4,2,big,high,unacc,3,3,2,0,0,0
63,vhigh,vhigh,4,4,small,low,unacc,3,3,2,1,2,1
64,vhigh,vhigh,4,4,small,med,unacc,3,3,2,1,2,2
65,vhigh,vhigh,4,4,small,high,unacc,3,3,2,1,2,0
66,vhigh,vhigh,4,4,med,low,unacc,3,3,2,1,1,1
67,vhigh,vhigh,4,4,med,med,unacc,3,3,2,1,1,2
68,vhigh,vhigh,4,4,med,high,unacc,3,3,2,1,1,0
69,vhigh,vhigh,4,4,big,low,unacc,3,3,2,1,0,1
70,vhigh,vhigh,4,4,big,med,unacc,3,3,2,1,0,2
71,vhigh,vhigh,4,4,big,high,unacc,3,3,2,1,0,0
72,vhigh,vhigh,4,more,small,low,unacc,3,3,2,2,2,1
73,vhigh,vhigh,4,more,small,med,unacc,3,3,2,2,2,2
74,vhigh,vhigh,4,more,small,high,unacc,3,3,2,2,2,0
75,vhigh,vhigh,4,more,med,low,unacc,3,3,2,2,1,1
76,vhigh,vhigh,4,more,med,med,unacc,3,3,2,2,1,2
77,vhigh,vhigh,4,more,med,high,unacc,3,3,2,2,1,0
78,vhigh,vhigh,4,more,big,low,unacc,3,3,2,2,0,1
79,vhigh,vhigh,4,more,big,med,unacc,3,3,2,2,0,2
80,vhigh,vhigh,4,more,big,high,unacc,3,3,2,2,0,0
81,vhigh,vhigh,5more,2,small,low,unacc,3,3,3,0,2,1
82,vhigh,vhigh,5more,2,small,med,unacc,3,3,3,0,2,2
83,vhigh,vhigh,5more,2,small,high,unacc,3,3,3,0,2,0
84,vhigh,vhigh,5more,2,med,low,unacc,3,3,3,0,1,1
85,vhigh,vhigh,5more,2,med,med,unacc,3,3,3,0,1,2
86,vhigh,vhigh,5more,2,med,high,unacc,3,3,3,0,1,0
87,vhigh,vhigh,5more,2,big,low,unacc,3,3,3,0,0,1
88,vhigh,vhigh,5more,2,big,med,unacc,3,3,3,0,0,2
89,vhigh,vhigh,5more,2,big,high,unacc,3,3,3,0,0,0
90,vhigh,vhigh,5more,4,small,low,unacc,3,3,3,1,2,1
91,vhigh,vhigh,5more,4,small,med,unacc,3,3,3,1,2,2
92,vhigh,vhigh,5more,4,small,high,unacc,3,3,3,1,2,0
93,vhigh,vhigh,5more,4,med,low,unacc,3,3,3,1,1,1
94,vhigh,vhigh,5more,4,med,med,unacc,3,3,3,1,1,2
95,vhigh,vhigh,5more,4,med,high,unacc,3,3,3,1,1,0
96,vhigh,vhigh,5more,4,big,low,unacc,3,3,3,1,0,1
97,vhigh,vhigh,5more,4,big,med,unacc,3,3,3,1,0,2
98,vhigh,vhigh,5more,4,big,high,unacc,3,3,3,1,0,0
99,vhigh,vhigh,5more,more,small,low,unacc,3,3,3,2,2,1
100,vhigh,vhigh,5more,more,small,med,unacc,3,3,3,2,2,2
101,vhigh,vhigh,5more,more,small,high,unacc,3,3,3,2,2,0
102,vhigh,vhigh,5more,more,med,low,unacc,3,3,3,2,1,1
103,vhigh,vhigh,5more,more,med,med,unacc,3,3,3,2,1,2
104,vhigh,vhigh,5more,more,med,high,unacc,3,3,3,2,1,0
105,vhigh,vhigh,5more,more,big,low,unacc,3,3,3,2,0,1
106,vhigh,vhigh,5more,more,big,med,unacc,3,3,3,2,0,2
107,vhigh,vhigh,5more,more,big,high,unacc,3,3,3,2,0,0
108,vhigh,high,2,2,small,low,unacc,3,0,0,0,2,1
109,vhigh,high,2,2,small,med,unacc,3,0,0,0,2,2
110,vhigh,high,2,2,small,high,unacc,3,0,0,0,2,0
111,vhigh,high,2,2,med,low,unacc,3,0,0,0,1,1
112,vhigh,high,2,2,med,med,unacc,3,0,0,0,1,2
113,vhigh,high,2,2,med,high,unacc,3,0,0,0,1,0
114,vhigh,high,2,2,big,low,unacc,3,0,0,0,0,1
115,vhigh,high,2,2,big,med,unacc,3,0,0,0,0,2
116,vhigh,high,2,2,big,high,unacc,3,0,0,0,0,0
117,vhigh,high,2,4,small,low,unacc,3,0,0,1,2,1
118,vhigh,high,2,4,small,med,unacc,3,0,0,1,2,2
119,vhigh,high,2,4,small,high,unacc,3,0,0,1,2,0
120,vhigh,high,2,4,med,low,unacc,3,0,0,1,1,1
121,vhigh,high,2,4,med,med,unacc,3,0,0,1,1,2
122,vhigh,high,2,4,med,high,unacc,3,0,0,1,1,0
123,vhigh,high,2,4,big,low,unacc,3,0,0,1,0,1
124,vhigh,high,2,4,big,med,unacc,3,0,0,1,0,2
125,vhigh,high,2,4,big,high,unacc,3,0,0,1,0,0
126,vhigh,high,2,more,small,low,unacc,3,0,0,2,2,1
127,vhigh,high,2,more,small,med,unacc,3,0,0,2,2,2
128,vhigh,high,2,more,small,high,unacc,3,0,0,2,2,0
129,vhigh,high,2,more,med,low,unacc,3,0,0,2,1,1
130,vhigh,high,2,more,med,med,unacc,3,0,0,2,1,2
131,vhigh,high,2,more,med,high,unacc,3,0,0,2,1,0
132,vhigh,high,2,more,big,low,unacc,3,0,0,2,0,1
133,vhigh,high,2,more,big,med,unacc,3,0,0,2,0,2
134,vhigh,high,2,more,big,high,unacc,3,0,0,2,0,0
135,vhigh,high,3,2,small,low,unacc,3,0,1,0,2,1
136,vhigh,high,3,2,small,med,unacc,3,0,1,0,2,2
137,vhigh,high,3,2,small,high,unacc,3,0,1,0,2,0
138,vhigh,high,3,2,med,low,unacc,3,0,1,0,1,1
139,vhigh,high,3,2,med,med,unacc,3,0,1,0,1,2
140,vhigh,high,3,2,med,high,unacc,3,0,1,0,1,0
141,vhigh,high,3,2,big,low,unacc,3,0,1,0,0,1
142,vhigh,high,3,2,big,med,unacc,3,0,1,0,0,2
143,vhigh,high,3,2,big,high,unacc,3,0,1,0,0,0
144,vhigh,high,3,4,small,low,unacc,3,0,1,1,2,1
145,vhigh,high,3,4,small,med,unacc,3,0,1,1,2,2
146,vhigh,high,3,4,small,high,unacc,3,0,1,1,2,0
147,vhigh,high,3,4,med,low,unacc,3,0,1,1,1,1
148,vhigh,high,3,4,med,med,unacc,3,0,1,1,1,2
149,vhigh,high,3,4,med,high,unacc,3,0,1,1,1,0
150,vhigh,high,3,4,big,low,unacc,3,0,1,1,0,1
151,vhigh,high,3,4,big,med,unacc,3,0,1,1,0,2
152,vhigh,high,3,4,big,high,unacc,3,0,1,1,0,0
153,vhigh,high,3,more,small,low,unacc,3,0,1,2,2,1
154,vhigh,high,3,more,small,med,unacc,3,0,1,2,2,2
155,vhigh,high,3,more,small,high,unacc,3,0,1,2,2,0
156,vhigh,high,3,more,med,low,unacc,3,0,1,2,1,1
157,vhigh,high,3,more,med,med,unacc,3,0,1,2,1,2
158,vhigh,high,3,more,med,high,unacc,3,0,1,2,1,0
159,vhigh,high,3,more,big,low,unacc,3,0,1,2,0,1
160,vhigh,high,3,more,big,med,unacc,3,0,1,2,0,2
161,vhigh,high,3,more,big,high,unacc,3,0,1,2,0,0
162,vhigh,high,4,2,small,low,unacc,3,0,2,0,2,1
163,vhigh,high,4,2,small,med,unacc,3,0,2,0,2,2
164,vhigh,high,4,2,small,high,unacc,3,0,2,0,2,0
165,vhigh,high,4,2,med,low,unacc,3,0,2,0,1,1
166,vhigh,high,4,2,med,med,unacc,3,0,2,0,1,2
167,vhigh,high,4,2,med,high,unacc,3,0,2,0,1,0
168,vhigh,high,4,2,big,low,unacc,3,0,2,0,0,1
169,vhigh,high,4,2,big,med,unacc,3,0,2,0,0,2
170,vhigh,high,4,2,big,high,unacc,3,0,2,0,0,0
171,vhigh,high,4,4,small,low,unacc,3,0,2,1,2,1
172,vhigh,high,4,4,small,med,unacc,3,0,2,1,2,2
173,vhigh,high,4,4,small,high,unacc,3,0,2,1,2,0
174,vhigh,high,4,4,med,low,unacc,3,0,2,1,1,1
175,vhigh,high,4,4,med,med,unacc,3,0,2,1,1,2
176,vhigh,high,4,4,med,high,unacc,3,0,2,1,1,0
177,vhigh,high,4,4,big,low,unacc,3,0,2,1,0,1
178,vhigh,high,4,4,big,med,unacc,3,0,2,1,0,2
179,vhigh,high,4,4,big,high,unacc,3,0,2,1,0,0
180,vhigh,high,4,more,small,low,unacc,3,0,2,2,2,1
181,vhigh,high,4,more,small,med,unacc,3,0,2,2,2,2
182,vhigh,high,4,more,small,high,unacc,3,0,2,2,2,0
183,vhigh,high,4,more,med,low,unacc,3,0,2,2,1,1
184,vhigh,high,4,more,med,med,unacc,3,0,2,2,1,2
185,vhigh,high,4,more,med,high,unacc,3,0,2,2,1,0
186,vhigh,high,4,more,big,low,unacc,3,0,2,2,0,1
187,vhigh,high,4,more,big,med,unacc,3,0,2,2,0,2
188,vhigh,high,4,more,big,high,unacc,3,0,2,2,0,0
189,vhigh,high,5more,2,small,low,unacc,3,0,3,0,2,1
190,vhigh,high,5more,2,small,med,unacc,3,0,3,0,2,2
191,vhigh,high,5more,2,small,high,unacc,3,0,3,0,2,0
192,vhigh,high,5more,2,med,low,unacc,3,0,3,0,1,1
193,vhigh,high,5more,2,med,med,unacc,3,0,3,0,1,2
194,vhigh,high,5more,2,med,high,unacc,3,0,3,0,1,0
195,vhigh,high,5more,2,big,low,unacc,3,0,3,0,0,1
196,vhigh,high,5more,2,big,med,unacc,3,0,3,0,0,2
197,vhigh,high,5more,2,big,high,unacc,3,0,3,0,0,0
198,vhigh,high,5more,4,small,low,unacc,3,0,3,1,2,1
199,vhigh,high,5more,4,small,med,unacc,3,0,3,1,2,2
200,vhigh,high,5more,4,small,high,unacc,3,0,3,1,2,0
201,vhigh,high,5more,4,med,low,unacc,3,0,3,1,1,1
202,vhigh,high,5more,4,med,med,unacc,3,0,3,1,1,2
203,vhigh,high,5more,4,med,high,unacc,3,0,3,1,1,0
204,vhigh,high,5more,4,big,low,unacc,3,0,3,1,0,1
205,vhigh,high,5more,4,big,med,unacc,3,0,3,1,0,2
206,vhigh,high,5more,4,big,high,unacc,3,0,3,1,0,0
207,vhigh,high,5more,more,small,low,unacc,3,0,3,2,2,1
208,vhigh,high,5more,more,small,med,unacc,3,0,3,2,2,2
209,vhigh,high,5more,more,small,high,unacc,3,0,3,2,2,0
210,vhigh,high,5more,more,med,low,unacc,3,0,3,2,1,1
211,vhigh,high,5more,more,med,med,unacc,3,0,3,2,1,2
212,vhigh,high,5more,more,med,high,unacc,3,0,3,2,1,0
213,vhigh,high,5more,more,big,low,unacc,3,0,3,2,0,1
214,vhigh,high,5more,more,big,med,unacc,3,0,3,2,0,2
215,vhigh,high,5more,more,big,high,unacc,3,0,3,2,0,0
216,vhigh,med,2,2,small,low,unacc,3,2,0,0,2,1
217,vhigh,med,2,2,small,med,unacc,3,2,0,0,2,2
218,vhigh,med,2,2,small,high,unacc,3,2,0,0,2,0
219,vhigh,med,2,2,med,low,unacc,3,2,0,0,1,1
220,vhigh,med,2,2,med,med,unacc,3,2,0,0,1,2
221,vhigh,med,2,2,med,high,unacc,3,2,0,0,1,0
222,vhigh,med,2,2,big,low,unacc,3,2,0,0,0,1
223,vhigh,med,2,2,big,med,unacc,3,2,0,0,0,2
224,vhigh,med,2,2,big,high,unacc,3,2,0,0,0,0
225,vhigh,med,2,4,small,low,unacc,3,2,0,1,2,1
226,vhigh,med,2,4,small,med,unacc,3,2,0,1,2,2
227,vhigh,med,2,4,small,high,acc,3,2,0,1,2,0
228,vhigh,med,2,4,med,low,unacc,3,2,0,1,1,1
229,vhigh,med,2,4,med,med,unacc,3,2,0,1,1,2
230,vhigh,med,2,4,med,high,acc,3,2,0,1,1,0
231,vhigh,med,2,4,big,low,unacc,3,2,0,1,0,1
232,vhigh,med,2,4,big,med,acc,3,2,0,1,0,2
233,vhigh,med,2,4,big,high,acc,3,2,0,1,0,0
234,vhigh,med,2,more,small,low,unacc,3,2,0,2,2,1
235,vhigh,med,2,more,small,med,unacc,3,2,0,2,2,2
236,vhigh,med,2,more,small,high,unacc,3,2,0,2,2,0
237,vhigh,med,2,more,med,low,unacc,3,2,0,2,1,1
238,vhigh,med,2,more,med,med,unacc,3,2,0,2,1,2
239,vhigh,med,2,more,med,high,acc,3,2,0,2,1,0
240,vhigh,med,2,more,big,low,unacc,3,2,0,2,0,1
241,vhigh,med,2,more,big,med,acc,3,2,0,2,0,2
242,vhigh,med,2,more,big,high,acc,3,2,0,2,0,0
243,vhigh,med,3,2,small,low,unacc,3,2,1,0,2,1
244,vhigh,med,3,2,small,med,unacc,3,2,1,0,2,2
245,vhigh,med,3,2,small,high,unacc,3,2,1,0,2,0
246,vhigh,med,3,2,med,low,unacc,3,2,1,0,1,1
247,vhigh,med,3,2,med,med,unacc,3,2,1,0,1,2
248,vhigh,med,3,2,med,high,unacc,3,2,1,0,1,0
249,vhigh,med,3,2,big,low,unacc,3,2,1,0,0,1
250,vhigh,med,3,2,big,med,unacc,3,2,1,0,0,2
251,vhigh,med,3,2,big,high,unacc,3,2,1,0,0,0
252,vhigh,med,3,4,small,low,unacc,3,2,1,1,2,1
253,vhigh,med,3,4,small,med,unacc,3,2,1,1,2,2
254,vhigh,med,3,4,small,high,acc,3,2,1,1,2,0
255,vhigh,med,3,4,med,low,unacc,3,2,1,1,1,1
256,vhigh,med,3,4,med,med,unacc,3,2,1,1,1,2
257,vhigh,med,3,4,med,high,acc,3,2,1,1,1,0
258,vhigh,med,3,4,big,low,unacc,3,2,1,1,0,1
259,vhigh,med,3,4,big,med,acc,3,2,1,1,0,2
260,vhigh,med,3,4,big,high,acc,3,2,1,1,0,0
261,vhigh,med,3,more,small,low,unacc,3,2,1,2,2,1
262,vhigh,med,3,more,small,med,unacc,3,2,1,2,2,2
263,vhigh,med,3,more,small,high,acc,3,2,1,2,2,0
264,vhigh,med,3,more,med,low,unacc,3,2,1,2,1,1
265,vhigh,med,3,more,med,med,acc,3,2,1,2,1,2
266,vhigh,med,3,more,med,high,acc,3,2,1,2,1,0
267,vhigh,med,3,more,big,low,unacc,3,2,1,2,0,1
268,vhigh,med,3,more,big,med,acc,3,2,1,2,0,2
269,vhigh,med,3,more,big,high,acc,3,2,1,2,0,0
270,vhigh,med,4,2,small,low,unacc,3,2,2,0,2,1
271,vhigh,med,4,2,small,med,unacc,3,2,2,0,2,2
272,vhigh,med,4,2,small,high,unacc,3,2,2,0,2,0
273,vhigh,med,4,2,med,low,unacc,3,2,2,0,1,1
274,vhigh,med,4,2,med,med,unacc,3,2,2,0,1,2
275,vhigh,med,4,2,med,high,unacc,3,2,2,0,1,0
276,vhigh,med,4,2,big,low,unacc,3,2,2,0,0,1
277,vhigh,med,4,2,big,med,unacc,3,2,2,0,0,2
278,vhigh,med,4,2,big,high,unacc,3,2,2,0,0,0
279,vhigh,med,4,4,small,low,unacc,3,2,2,1,2,1
280,vhigh,med,4,4,small,med,unacc,3,2,2,1,2,2
281,vhigh,med,4,4,small,high,acc,3,2,2,1,2,0
282,vhigh,med,4,4,med,low,unacc,3,2,2,1,1,1
283,vhigh,med,4,4,med,med,acc,3,2,2,1,1,2
284,vhigh,med,4,4,med,high,acc,3,2,2,1,1,0
285,vhigh,med,4,4,big,low,unacc,3,2,2,1,0,1
286,vhigh,med,4,4,big,med,acc,3,2,2,1,0,2
287,vhigh,med,4,4,big,high,acc,3,2,2,1,0,0
288,vhigh,med,4,more,small,low,unacc,3,2,2,2,2,1
289,vhigh,med,4,more,small,med,unacc,3,2,2,2,2,2
290,vhigh,med,4,more,small,high,acc,3,2,2,2,2,0
291,vhigh,med,4,more,med,low,unacc,3,2,2,2,1,1
292,vhigh,med,4,more,med,med,acc,3,2,2,2,1,2
293,vhigh,med,4,more,med,high,acc,3,2,2,2,1,0
294,vhigh,med,4,more,big,low,unacc,3,2,2,2,0,1
295,vhigh,med,4,more,big,med,acc,3,2,2,2,0,2
296,vhigh,med,4,more,big,high,acc,3,2,2,2,0,0
297,vhigh,med,5more,2,small,low,unacc,3,2,3,0,2,1
298,vhigh,med,5more,2,small,med,unacc,3,2,3,0,2,2
299,vhigh,med,5more,2,small,high,unacc,3,2,3,0,2,0
300,vhigh,med,5more,2,med,low,unacc,3,2,3,0,1,1
301,vhigh,med,5more,2,med,med,unacc,3,2,3,0,1,2
302,vhigh,med,5more,2,med,high,unacc,3,2,3,0,1,0
303,vhigh,med,5more,2,big,low,unacc,3,2,3,0,0,1
304,vhigh,med,5more,2,big,med,unacc,3,2,3,0,0,2
305,vhigh,med,5more,2,big,high,unacc,3,2,3,0,0,0
306,vhigh,med,5more,4,small,low,unacc,3,2,3,1,2,1
307,vhigh,med,5more,4,small,med,unacc,3,2,3,1,2,2
308,vhigh,med,5more,4,small,high,acc,3,2,3,1,2,0
309,vhigh,med,5more,4,med,low,unacc,3,2,3,1,1,1
310,vhigh,med,5more,4,med,med,acc,3,2,3,1,1,2
311,vhigh,med,5more,4,med,high,acc,3,2,3,1,1,0
312,vhigh,med,5more,4,big,low,unacc,3,2,3,1,0,1
313,vhigh,med,5more,4,big,med,acc,3,2,3,1,0,2
314,vhigh,med,5more,4,big,high,acc,3,2,3,1,0,0
315,vhigh,med,5more,more,small,low,unacc,3,2,3,2,2,1
316,vhigh,med,5more,more,small,med,unacc,3,2,3,2,2,2
317,vhigh,med,5more,more,small,high,acc,3,2,3,2,2,0
318,vhigh,med,5more,more,med,low,unacc,3,2,3,2,1,1
319,vhigh,med,5more,more,med,med,acc,3,2,3,2,1,2
320,vhigh,med,5more,more,med,high,acc,3,2,3,2,1,0
321,vhigh,med,5more,more,big,low,unacc,3,2,3,2,0,1
322,vhigh,med,5more,more,big,med,acc,3,2,3,2,0,2
323,vhigh,med,5more,more,big,high,acc,3,2,3,2,0,0
324,vhigh,low,2,2,small,low,unacc,3,1,0,0,2,1
325,vhigh,low,2,2,small,med,unacc,3,1,0,0,2,2
326,vhigh,low,2,2,small,high,unacc,3,1,0,0,2,0
327,vhigh,low,2,2,med,low,unacc,3,1,0,0,1,1
328,vhigh,low,2,2,med,med,unacc,3,1,0,0,1,2
329,vhigh,low,2,2,med,high,unacc,3,1,0,0,1,0
330,vhigh,low,2,2,big,low,unacc,3,1,0,0,0,1
331,vhigh,low,2,2,big,med,unacc,3,1,0,0,0,2
332,vhigh,low,2,2,big,high,unacc,3,1,0,0,0,0
333,vhigh,low,2,4,small,low,unacc,3,1,0,1,2,1
334,vhigh,low,2,4,small,med,unacc,3,1,0,1,2,2
335,vhigh,low,2,4,small,high,acc,3,1,0,1,2,0
336,vhigh,low,2,4,med,low,unacc,3,1,0,1,1,1
337,vhigh,low,2,4,med,med,unacc,3,1,0,1,1,2
338,vhigh,low,2,4,med,high,acc,3,1,0,1,1,0
339,vhigh,low,2,4,big,low,unacc,3,1,0,1,0,1
340,vhigh,low,2,4,big,med,acc,3,1,0,1,0,2
341,vhigh,low,2,4,big,high,acc,3,1,0,1,0,0
342,vhigh,low,2,more,small,low,unacc,3,1,0,2,2,1
343,vhigh,low,2,more,small,med,unacc,3,1,0,2,2,2
344,vhigh,low,2,more,small,high,unacc,3,1,0,2,2,0
345,vhigh,low,2,more,med,low,unacc,3,1,0,2,1,1
346,vhigh,low,2,more,med,med,unacc,3,1,0,2,1,2
347,vhigh,low,2,more,med,high,acc,3,1,0,2,1,0
348,vhigh,low,2,more,big,low,unacc,3,1,0,2,0,1
349,vhigh,low,2,more,big,med,acc,3,1,0,2,0,2
350,vhigh,low,2,more,big,high,acc,3,1,0,2,0,0
351,vhigh,low,3,2,small,low,unacc,3,1,1,0,2,1
352,vhigh,low,3,2,small,med,unacc,3,1,1,0,2,2
353,vhigh,low,3,2,small,high,unacc,3,1,1,0,2,0
354,vhigh,low,3,2,med,low,unacc,3,1,1,0,1,1
355,vhigh,low,3,2,med,med,unacc,3,1,1,0,1,2
356,vhigh,low,3,2,med,high,unacc,3,1,1,0,1,0
357,vhigh,low,3,2,big,low,unacc,3,1,1,0,0,1
358,vhigh,low,3,2,big,med,unacc,3,1,1,0,0,2
359,vhigh,low,3,2,big,high,unacc,3,1,1,0,0,0
360,vhigh,low,3,4,small,low,unacc,3,1,1,1,2,1
361,vhigh,low,3,4,small,med,unacc,3,1,1,1,2,2
362,vhigh,low,3,4,small,high,acc,3,1,1,1,2,0
363,vhigh,low,3,4,med,low,unacc,3,1,1,1,1,1
364,vhigh,low,3,4,med,med,unacc,3,1,1,1,1,2
365,vhigh,low,3,4,med,high,acc,3,1,1,1,1,0
366,vhigh,low,3,4,big,low,unacc,3,1,1,1,0,1
367,vhigh,low,3,4,big,med,acc,3,1,1,1,0,2
368,vhigh,low,3,4,big,high,acc,3,1,1,1,0,0
369,vhigh,low,3,more,small,low,unacc,3,1,1,2,2,1
370,vhigh,low,3,more,small,med,unacc,3,1,1,2,2,2
371,vhigh,low,3,more,small,high,acc,3,1,1,2,2,0
372,vhigh,low,3,more,med,low,unacc,3,1,1,2,1,1
373,vhigh,low,3,more,med,med,acc,3,1,1,2,1,2
374,vhigh,low,3,more,med,high,acc,3,1,1,2,1,0
375,vhigh,low,3,more,big,low,unacc,3,1,1,2,0,1
376,vhigh,low,3,more,big,med,acc,3,1,1,2,0,2
377,vhigh,low,3,more,big,high,acc,3,1,1,2,0,0
378,vhigh,low,4,2,small,low,unacc,3,1,2,0,2,1
379,vhigh,low,4,2,small,med,unacc,3,1,2,0,2,2
380,vhigh,low,4,2,small,high,unacc,3,1,2,0,2,0
381,vhigh,low,4,2,med,low,unacc,3,1,2,0,1,1
382,vhigh,low,4,2,med,med,unacc,3,1,2,0,1,2
383,vhigh,low,4,2,med,high,unacc,3,1,2,0,1,0
384,vhigh,low,4,2,big,low,unacc,3,1,2,0,0,1
385,vhigh,low,4,2,big,med,unacc,3,1,2,0,0,2
386,vhigh,low,4,2,big,high,unacc,3,1,2,0,0,0
387,vhigh,low,4,4,small,low,unacc,3,1,2,1,2,1
388,vhigh,low,4,4,small,med,unacc,3,1,2,1,2,2
389,vhigh,low,4,4,small,high,acc,3,1,2,1,2,0
390,vhigh,low,4,4,med,low,unacc,3,1,2,1,1,1
391,vhigh,low,4,4,med,med,acc,3,1,2,1,1,2
392,vhigh,low,4,4,med,high,acc,3,1,2,1,1,0
393,vhigh,low,4,4,big,low,unacc,3,1,2,1,0,1
394,vhigh,low,4,4,big,med,acc,3,1,2,1,0,2
395,vhigh,low,4,4,big,high,acc,3,1,2,1,0,0
396,vhigh,low,4,more,small,low,unacc,3,1,2,2,2,1
397,vhigh,low,4,more,small,med,unacc,3,1,2,2,2,2
398,vhigh,low,4,more,small,high,acc,3,1,2,2,2,0
399,vhigh,low,4,more,med,low,unacc,3,1,2,2,1,1
400,vhigh,low,4,more,med,med,acc,3,1,2,2,1,2
401,vhigh,low,4,more,med,high,acc,3,1,2,2,1,0
402,vhigh,low,4,more,big,low,unacc,3,1,2,2,0,1
403,vhigh,low,4,more,big,med,acc,3,1,2,2,0,2
404,vhigh,low,4,more,big,high,acc,3,1,2,2,0,0
405,vhigh,low,5more,2,small,low,unacc,3,1,3,0,2,1
406,vhigh,low,5more,2,small,med,unacc,3,1,3,0,2,2
407,vhigh,low,5more,2,small,high,unacc,3,1,3,0,2,0
408,vhigh,low,5more,2,med,low,unacc,3,1,3,0,1,1
409,vhigh,low,5more,2,med,med,unacc,3,1,3,0,1,2
410,vhigh,low,5more,2,med,high,unacc,3,1,3,0,1,0
411,vhigh,low,5more,2,big,low,unacc,3,1,3,0,0,1
412,vhigh,low,5more,2,big,med,unacc,3,1,3,0,0,2
413,vhigh,low,5more,2,big,high,unacc,3,1,3,0,0,0
414,vhigh,low,5more,4,small,low,unacc,3,1,3,1,2,1
415,vhigh,low,5more,4,small,med,unacc,3,1,3,1,2,2
416,vhigh,low,5more,4,small,high,acc,3,1,3,1,2,0
417,vhigh,low,5more,4,med,low,unacc,3,1,3,1,1,1
418,vhigh,low,5more,4,med,med,acc,3,1,3,1,1,2
419,vhigh,low,5more,4,med,high,acc,3,1,3,1,1,0
420,vhigh,low,5more,4,big,low,unacc,3,1,3,1,0,1
421,vhigh,low,5more,4,big,med,acc,3,1,3,1,0,2
422,vhigh,low,5more,4,big,high,acc,3,1,3,1,0,0
423,vhigh,low,5more,more,small,low,unacc,3,1,3,2,2,1
424,vhigh,low,5more,more,small,med,unacc,3,1,3,2,2,2
425,vhigh,low,5more,more,small,high,acc,3,1,3,2,2,0
426,vhigh,low,5more,more,med,low,unacc,3,1,3,2,1,1
427,vhigh,low,5more,more,med,med,acc,3,1,3,2,1,2
428,vhigh,low,5more,more,med,high,acc,3,1,3,2,1,0
429,vhigh,low,5more,more,big,low,unacc,3,1,3,2,0,1
430,vhigh,low,5more,more,big,med,acc,3,1,3,2,0,2
431,vhigh,low,5more,more,big,high,acc,3,1,3,2,0,0
432,high,vhigh,2,2,small,low,unacc,0,3,0,0,2,1
433,high,vhigh,2,2,small,med,unacc,0,3,0,0,2,2
434,high,vhigh,2,2,small,high,unacc,0,3,0,0,2,0
435,high,vhigh,2,2,med,low,unacc,0,3,0,0,1,1
436,high,vhigh,2,2,med,med,unacc,0,3,0,0,1,2
437,high,vhigh,2,2,med,high,unacc,0,3,0,0,1,0
438,high,vhigh,2,2,big,low,unacc,0,3,0,0,0,1
439,high,vhigh,2,2,big,med,unacc,0,3,0,0,0,2
440,high,vhigh,2,2,big,high,unacc,0,3,0,0,0,0
441,high,vhigh,2,4,small,low,unacc,0,3,0,1,2,1
442,high,vhigh,2,4,small,med,unacc,0,3,0,1,2,2
443,high,vhigh,2,4,small,high,unacc,0,3,0,1,2,0
444,high,vhigh,2,4,med,low,unacc,0,3,0,1,1,1
445,high,vhigh,2,4,med,med,unacc,0,3,0,1,1,2
446,high,vhigh,2,4,med,high,unacc,0,3,0,1,1,0
447,high,vhigh,2,4,big,low,unacc,0,3,0,1,0,1
448,high,vhigh,2,4,big,med,unacc,0,3,0,1,0,2
449,high,vhigh,2,4,big,high,unacc,0,3,0,1,0,0
450,high,vhigh,2,more,small,low,unacc,0,3,0,2,2,1
451,high,vhigh,2,more,small,med,unacc,0,3,0,2,2,2
452,high,vhigh,2,more,small,high,unacc,0,3,0,2,2,0
453,high,vhigh,2,more,med,low,unacc,0,3,0,2,1,1
454,high,vhigh,2,more,med,med,unacc,0,3,0,2,1,2
455,high,vhigh,2,more,med,high,unacc,0,3,0,2,1,0
456,high,vhigh,2,more,big,low,unacc,0,3,0,2,0,1
457,high,vhigh,2,more,big,med,unacc,0,3,0,2,0,2
458,high,vhigh,2,more,big,high,unacc,0,3,0,2,0,0
459,high,vhigh,3,2,small,low,unacc,0,3,1,0,2,1
460,high,vhigh,3,2,small,med,unacc,0,3,1,0,2,2
461,high,vhigh,3,2,small,high,unacc,0,3,1,0,2,0
462,high,vhigh,3,2,med,low,unacc,0,3,1,0,1,1
463,high,vhigh,3,2,med,med,unacc,0,3,1,0,1,2
464,high,vhigh,3,2,med,high,unacc,0,3,1,0,1,0
465,high,vhigh,3,2,big,low,unacc,0,3,1,0,0,1
466,high,vhigh,3,2,big,med,unacc,0,3,1,0,0,2
467,high,vhigh,3,2,big,high,unacc,0,3,1,0,0,0
468,high,vhigh,3,4,small,low,unacc,0,3,1,1,2,1
469,high,vhigh,3,4,small,med,unacc,0,3,1,1,2,2
470,high,vhigh,3,4,small,high,unacc,0,3,1,1,2,0
471,high,vhigh,3,4,med,low,unacc,0,3,1,1,1,1
472,high,vhigh,3,4,med,med,unacc,0,3,1,1,1,2
473,high,vhigh,3,4,med,high,unacc,0,3,1,1,1,0
474,high,vhigh,3,4,big,low,unacc,0,3,1,1,0,1
475,high,vhigh,3,4,big,med,unacc,0,3,1,1,0,2
476,high,vhigh,3,4,big,high,unacc,0,3,1,1,0,0
477,high,vhigh,3,more,small,low,unacc,0,3,1,2,2,1
478,high,vhigh,3,more,small,med,unacc,0,3,1,2,2,2
479,high,vhigh,3,more,small,high,unacc,0,3,1,2,2,0
480,high,vhigh,3,more,med,low,unacc,0,3,1,2,1,1
481,high,vhigh,3,more,med,med,unacc,0,3,1,2,1,2
482,high,vhigh,3,more,med,high,unacc,0,3,1,2,1,0
483,high,vhigh,3,more,big,low,unacc,0,3,1,2,0,1
484,high,vhigh,3,more,big,med,unacc,0,3,1,2,0,2
485,high,vhigh,3,more,big,high,unacc,0,3,1,2,0,0
486,high,vhigh,4,2,small,low,unacc,0,3,2,0,2,1
487,high,vhigh,4,2,small,med,unacc,0,3,2,0,2,2
488,high,vhigh,4,2,small,high,unacc,0,3,2,0,2,0
489,high,vhigh,4,2,med,low,unacc,0,3,2,0,1,1
490,high,vhigh,4,2,med,med,unacc,0,3,2,0,1,2
491,high,vhigh,4,2,med,high,unacc,0,3,2,0,1,0
492,high,vhigh,4,2,big,low,unacc,0,3,2,0,0,1
493,high,vhigh,4,2,big,med,unacc,0,3,2,0,0,2
494,high,vhigh,4,2,big,high,unacc,0,3,2,0,0,0
495,high,vhigh,4,4,small,low,unacc,0,3,2,1,2,1
496,high,vhigh,4,4,small,med,unacc,0,3,2,1,2,2
497,high,vhigh,4,4,small,high,unacc,0,3,2,1,2,0
498,high,vhigh,4,4,med,low,unacc,0,3,2,1,1,1
499,high,vhigh,4,4,med,med,unacc,0,3,2,1,1,2
500,high,vhigh,4,4,med,high,unacc,0,3,2,1,1,0
501,high,vhigh,4,4,big,low,unacc,0,3,2,1,0,1
502,high,vhigh,4,4,big,med,unacc,0,3,2,1,0,2
503,high,vhigh,4,4,big,high,unacc,0,3,2,1,0,0
504,high,vhigh,4,more,small,low,unacc,0,3,2,2,2,1
505,high,vhigh,4,more,small,med,unacc,0,3,2,2,2,2
506,high,vhigh,4,more,small,high,unacc,0,3,2,2,2,0
507,high,vhigh,4,more,med,low,unacc,0,3,2,2,1,1
508,high,vhigh,4,more,med,med,unacc,0,3,2,2,1,2
509,high,vhigh,4,more,med,high,unacc,0,3,2,2,1,0
510,high,vhigh,4,more,big,low,unacc,0,3,2,2,0,1
511,high,vhigh,4,more,big,med,unacc,0,3,2,2,0,2
512,high,vhigh,4,more,big,high,unacc,0,3,2,2,0,0
513,high,vhigh,5more,2,small,low,unacc,0,3,3,0,2,1
514,high,vhigh,5more,2,small,med,unacc,0,3,3,0,2,2
515,high,vhigh,5more,2,small,high,unacc,0,3,3,0,2,0
516,high,vhigh,5more,2,med,low,unacc,0,3,3,0,1,1
517,high,vhigh,5more,2,med,med,unacc,0,3,3,0,1,2
518,high,vhigh,5more,2,med,high,unacc,0,3,3,0,1,0
519,high,vhigh,5more,2,big,low,unacc,0,3,3,0,0,1
520,high,vhigh,5more,2,big,med,unacc,0,3,3,0,0,2
521,high,vhigh,5more,2,big,high,unacc,0,3,3,0,0,0
522,high,vhigh,5more,4,small,low,unacc,0,3,3,1,2,1
523,high,vhigh,5more,4,small,med,unacc,0,3,3,1,2,2
524,high,vhigh,5more,4,small,high,unacc,0,3,3,1,2,0
525,high,vhigh,5more,4,med,low,unacc,0,3,3,1,1,1
526,high,vhigh,5more,4,med,med,unacc,0,3,3,1,1,2
527,high,vhigh,5more,4,med,high,unacc,0,3,3,1,1,0
528,high,vhigh,5more,4,big,low,unacc,0,3,3,1,0,1
529,high,vhigh,5more,4,big,med,unacc,0,3,3,1,0,2
530,high,vhigh,5more,4,big,high,unacc,0,3,3,1,0,0
531,high,vhigh,5more,more,small,low,unacc,0,3,3,2,2,1
532,high,vhigh,5more,more,small,med,unacc,0,3,3,2,2,2
533,high,vhigh,5more,more,small,high,unacc,0,3,3,2,2,0
534,high,vhigh,5more,more,med,low,unacc,0,3,3,2,1,1
535,high,vhigh,5more,more,med,med,unacc,0,3,3,2,1,2
536,high,vhigh,5more,more,med,high,unacc,0,3,3,2,1,0
537,high,vhigh,5more,more,big,low,unacc,0,3,3,2,0,1
538,high,vhigh,5more,more,big,med,unacc,0,3,3,2,0,2
539,high,vhigh,5more,more,big,high,unacc,0,3,3,2,0,0
540,high,high,2,2,small,low,unacc,0,0,0,0,2,1
541,high,high,2,2,small,med,unacc,0,0,0,0,2,2
542,high,high,2,2,small,high,unacc,0,0,0,0,2,0
543,high,high,2,2,med,low,unacc,0,0,0,0,1,1
544,high,high,2,2,med,med,unacc,0,0,0,0,1,2
545,high,high,2,2,med,high,unacc,0,0,0,0,1,0
546,high,high,2,2,big,low,unacc,0,0,0,0,0,1
547,high,high,2,2,big,med,unacc,0,0,0,0,0,2
548,high,high,2,2,big,high,unacc,0,0,0,0,0,0
549,high,high,2,4,small,low,unacc,0,0,0,1,2,1
550,high,high,2,4,small,med,unacc,0,0,0,1,2,2
551,high,high,2,4,small,high,acc,0,0,0,1,2,0
552,high,high,2,4,med,low,unacc,0,0,0,1,1,1
553,high,high,2,4,med,med,unacc,0,0,0,1,1,2
554,high,high,2,4,med,high,acc,0,0,0,1,1,0
555,high,high,2,4,big,low,unacc,0,0,0,1,0,1
556,high,high,2,4,big,med,acc,0,0,0,1,0,2
557,high,high,2,4,big,high,acc,0,0,0,1,0,0
558,high,high,2,more,small,low,unacc,0,0,0,2,2,1
559,high,high,2,more,small,med,unacc,0,0,0,2,2,2
560,high,high,2,more,small,high,unacc,0,0,0,2,2,0
561,high,high,2,more,med,low,unacc,0,0,0,2,1,1
562,high,high,2,more,med,med,unacc,0,0,0,2,1,2
563,high,high,2,more,med,high,acc,0,0,0,2,1,0
564,high,high,2,more,big,low,unacc,0,0,0,2,0,1
565,high,high,2,more,big,med,acc,0,0,0,2,0,2
566,high,high,2,more,big,high,acc,0,0,0,2,0,0
567,high,high,3,2,small,low,unacc,0,0,1,0,2,1
568,high,high,3,2,small,med,unacc,0,0,1,0,2,2
569,high,high,3,2,small,high,unacc,0,0,1,0,2,0
570,high,high,3,2,med,low,unacc,0,0,1,0,1,1
571,high,high,3,2,med,med,unacc,0,0,1,0,1,2
572,high,high,3,2,med,high,unacc,0,0,1,0,1,0
573,high,high,3,2,big,low,unacc,0,0,1,0,0,1
574,high,high,3,2,big,med,unacc,0,0,1,0,0,2
575,high,high,3,2,big,high,unacc,0,0,1,0,0,0
576,high,high,3,4,small,low,unacc,0,0,1,1,2,1
577,high,high,3,4,small,med,unacc,0,0,1,1,2,2
578,high,high,3,4,small,high,acc,0,0,1,1,2,0
579,high,high,3,4,med,low,unacc,0,0,1,1,1,1
580,high,high,3,4,med,med,unacc,0,0,1,1,1,2
581,high,high,3,4,med,high,acc,0,0,1,1,1,0
582,high,high,3,4,big,low,unacc,0,0,1,1,0,1
583,high,high,3,4,big,med,acc,0,0,1,1,0,2
584,high,high,3,4,big,high,acc,0,0,1,1,0,0
585,high,high,3,more,small,low,unacc,0,0,1,2,2,1
586,high,high,3,more,small,med,unacc,0,0,1,2,2,2
587,high,high,3,more,small,high,acc,0,0,1,2,2,0
588,high,high,3,more,med,low,unacc,0,0,1,2,1,1
589,high,high,3,more,med,med,acc,0,0,1,2,1,2
590,high,high,3,more,med,high,acc,0,0,1,2,1,0
591,high,high,3,more,big,low,unacc,0,0,1,2,0,1
592,high,high,3,more,big,med,acc,0,0,1,2,0,2
593,high,high,3,more,big,high,acc,0,0,1,2,0,0
594,high,high,4,2,small,low,unacc,0,0,2,0,2,1
595,high,high,4,2,small,med,unacc,0,0,2,0,2,2
596,high,high,4,2,small,high,unacc,0,0,2,0,2,0
597,high,high,4,2,med,low,unacc,0,0,2,0,1,1
598,high,high,4,2,med,med,unacc,0,0,2,0,1,2
599,high,high,4,2,med,high,unacc,0,0,2,0,1,0
600,high,high,4,2,big,low,unacc,0,0,2,0,0,1
601,high,high,4,2,big,med,unacc,0,0,2,0,0,2
602,high,high,4,2,big,high,unacc,0,0,2,0,0,0
603,high,high,4,4,small,low,unacc,0,0,2,1,2,1
604,high,high,4,4,small,med,unacc,0,0,2,1,2,2
605,high,high,4,4,small,high,acc,0,0,2,1,2,0
606,high,high,4,4,med,low,unacc,0,0,2,1,1,1
607,high,high,4,4,med,med,acc,0,0,2,1,1,2
608,high,high,4,4,med,high,acc,0,0,2,1,1,0
609,high,high,4,4,big,low,unacc,0,0,2,1,0,1
610,high,high,4,4,big,med,acc,0,0,2,1,0,2
611,high,high,4,4,big,high,acc,0,0,2,1,0,0
612,high,high,4,more,small,low,unacc,0,0,2,2,2,1
613,high,high,4,more,small,med,unacc,0,0,2,2,2,2
614,high,high,4,more,small,high,acc,0,0,2,2,2,0
615,high,high,4,more,med,low,unacc,0,0,2,2,1,1
616,high,high,4,more,med,med,acc,0,0,2,2,1,2
617,high,high,4,more,med,high,acc,0,0,2,2,1,0
618,high,high,4,more,big,low,unacc,0,0,2,2,0,1
619,high,high,4,more,big,med,acc,0,0,2,2,0,2
620,high,high,4,more,big,high,acc,0,0,2,2,0,0
621,high,high,5more,2,small,low,unacc,0,0,3,0,2,1
622,high,high,5more,2,small,med,unacc,0,0,3,0,2,2
623,high,high,5more,2,small,high,unacc,0,0,3,0,2,0
624,high,high,5more,2,med,low,unacc,0,0,3,0,1,1
625,high,high,5more,2,med,med,unacc,0,0,3,0,1,2
626,high,high,5more,2,med,high,unacc,0,0,3,0,1,0
627,high,high,5more,2,big,low,unacc,0,0,3,0,0,1
628,high,high,5more,2,big,med,unacc,0,0,3,0,0,2
629,high,high,5more,2,big,high,unacc,0,0,3,0,0,0
630,high,high,5more,4,small,low,unacc,0,0,3,1,2,1
631,high,high,5more,4,small,med,unacc,0,0,3,1,2,2
632,high,high,5more,4,small,high,acc,0,0,3,1,2,0
633,high,high,5more,4,med,low,unacc,0,0,3,1,1,1
634,high,high,5more,4,med,med,acc,0,0,3,1,1,2
635,high,high,5more,4,med,high,acc,0,0,3,1,1,0
636,high,high,5more,4,big,low,unacc,0,0,3,1,0,1
637,high,high,5more,4,big,med,acc,0,0,3,1,0,2
638,high,high,5more,4,big,high,acc,0,0,3,1,0,0
639,high,high,5more,more,small,low,unacc,0,0,3,2,2,1
640,high,high,5more,more,small,med,unacc,0,0,3,2,2,2
641,high,high,5more,more,small,high,acc,0,0,3,2,2,0
642,high,high,5more,more,med,low,unacc,0,0,3,2,1,1
643,high,high,5more,more,med,med,acc,0,0,3,2,1,2
644,high,high,5more,more,med,high,acc,0,0,3,2,1,0
645,high,high,5more,more,big,low,unacc,0,0,3,2,0,1
646,high,high,5more,more,big,med,acc,0,0,3,2,0,2
647,high,high,5more,more,big,high,acc,0,0,3,2,0,0
648,high,med,2,2,small,low,unacc,0,2,0,0,2,1
649,high,med,2,2,small,med,unacc,0,2,0,0,2,2
650,high,med,2,2,small,high,unacc,0,2,0,0,2,0
651,high,med,2,2,med,low,unacc,0,2,0,0,1,1
652,high,med,2,2,med,med,unacc,0,2,0,0,1,2
653,high,med,2,2,med,high,unacc,0,2,0,0,1,0
654,high,med,2,2,big,low,unacc,0,2,0,0,0,1
655,high,med,2,2,big,med,unacc,0,2,0,0,0,2
656,high,med,2,2,big,high,unacc,0,2,0,0,0,0
657,high,med,2,4,small,low,unacc,0,2,0,1,2,1
658,high,med,2,4,small,med,unacc,0,2,0,1,2,2
659,high,med,2,4,small,high,acc,0,2,0,1,2,0
660,high,med,2,4,med,low,unacc,0,2,0,1,1,1
661,high,med,2,4,med,med,unacc,0,2,0,1,1,2
662,high,med,2,4,med,high,acc,0,2,0,1,1,0
663,high,med,2,4,big,low,unacc,0,2,0,1,0,1
664,high,med,2,4,big,med,acc,0,2,0,1,0,2
665,high,med,2,4,big,high,acc,0,2,0,1,0,0
666,high,med,2,more,small,low,unacc,0,2,0,2,2,1
667,high,med,2,more,small,med,unacc,0,2,0,2,2,2
668,high,med,2,more,small,high,unacc,0,2,0,2,2,0
669,high,med,2,more,med,low,unacc,0,2,0,2,1,1
670,high,med,2,more,med,med,unacc,0,2,0,2,1,2
671,high,med,2,more,med,high,acc,0,2,0,2,1,0
672,high,med,2,more,big,low,unacc,0,2,0,2,0,1
673,high,med,2,more,big,med,acc,0,2,0,2,0,2
674,high,med,2,more,big,high,acc,0,2,0,2,0,0
675,high,med,3,2,small,low,unacc,0,2,1,0,2,1
676,high,med,3,2,small,med,unacc,0,2,1,0,2,2
677,high,med,3,2,small,high,unacc,0,2,1,0,2,0
678,high,med,3,2,med,low,unacc,0,2,1,0,1,1
679,high,med,3,2,med,med,unacc,0,2,1,0,1,2
680,high,med,3,2,med,high,unacc,0,2,1,0,1,0
681,high,med,3,2,big,low,unacc,0,2,1,0,0,1
682,high,med,3,2,big,med,unacc,0,2,1,0,0,2
683,high,med,3,2,big,high,unacc,0,2,1,0,0,0
684,high,med,3,4,small,low,unacc,0,2,1,1,2,1
685,high,med,3,4,small,med,unacc,0,2,1,1,2,2
686,high,med,3,4,small,high,acc,0,2,1,1,2,0
687,high,med,3,4,med,low,unacc,0,2,1,1,1,1
688,high,med,3,4,med,med,unacc,0,2,1,1,1,2
689,high,med,3,4,med,high,acc,0,2,1,1,1,0
690,high,med,3,4,big,low,unacc,0,2,1,1,0,1
691,high,med,3,4,big,med,acc,0,2,1,1,0,2
692,high,med,3,4,big,high,acc,0,2,1,1,0,0
693,high,med,3,more,small,low,unacc,0,2,1,2,2,1
694,high,med,3,more,small,med,unacc,0,2,1,2,2,2
695,high,med,3,more,small,high,acc,0,2,1,2,2,0
696,high,med,3,more,med,low,unacc,0,2,1,2,1,1
697,high,med,3,more,med,med,acc,0,2,1,2,1,2
698,high,med,3,more,med,high,acc,0,2,1,2,1,0
699,high,med,3,more,big,low,unacc,0,2,1,2,0,1
700,high,med,3,more,big,med,acc,0,2,1,2,0,2
701,high,med,3,more,big,high,acc,0,2,1,2,0,0
702,high,med,4,2,small,low,unacc,0,2,2,0,2,1
703,high,med,4,2,small,med,unacc,0,2,2,0,2,2
704,high,med,4,2,small,high,unacc,0,2,2,0,2,0
705,high,med,4,2,med,low,unacc,0,2,2,0,1,1
706,high,med,4,2,med,med,unacc,0,2,2,0,1,2
707,high,med,4,2,med,high,unacc,0,2,2,0,1,0
708,high,med,4,2,big,low,unacc,0,2,2,0,0,1
709,high,med,4,2,big,med,unacc,0,2,2,0,0,2
710,high,med,4,2,big,high,unacc,0,2,2,0,0,0
711,high,med,4,4,small,low,unacc,0,2,2,1,2,1
712,high,med,4,4,small,med,unacc,0,2,2,1,2,2
713,high,med,4,4,small,high,acc,0,2,2,1,2,0
714,high,med,4,4,med,low,unacc,0,2,2,1,1,1
715,high,med,4,4,med,med,acc,0,2,2,1,1,2
716,high,med,4,4,med,high,acc,0,2,2,1,1,0
717,high,med,4,4,big,low,unacc,0,2,2,1,0,1
718,high,med,4,4,big,med,acc,0,2,2,1,0,2
719,high,med,4,4,big,high,acc,0,2,2,1,0,0
720,high,med,4,more,small,low,unacc,0,2,2,2,2,1
721,high,med,4,more,small,med,unacc,0,2,2,2,2,2
722,high,med,4,more,small,high,acc,0,2,2,2,2,0
723,high,med,4,more,med,low,unacc,0,2,2,2,1,1
724,high,med,4,more,med,med,acc,0,2,2,2,1,2
725,high,med,4,more,med,high,acc,0,2,2,2,1,0
726,high,med,4,more,big,low,unacc,0,2,2,2,0,1
727,high,med,4,more,big,med,acc,0,2,2,2,0,2
728,high,med,4,more,big,high,acc,0,2,2,2,0,0
729,high,med,5more,2,small,low,unacc,0,2,3,0,2,1
730,high,med,5more,2,small,med,unacc,0,2,3,0,2,2
731,high,med,5more,2,small,high,unacc,0,2,3,0,2,0
732,high,med,5more,2,med,low,unacc,0,2,3,0,1,1
733,high,med,5more,2,med,med,unacc,0,2,3,0,1,2
734,high,med,5more,2,med,high,unacc,0,2,3,0,1,0
735,high,med,5more,2,big,low,unacc,0,2,3,0,0,1
736,high,med,5more,2,big,med,unacc,0,2,3,0,0,2
737,high,med,5more,2,big,high,unacc,0,2,3,0,0,0
738,high,med,5more,4,small,low,unacc,0,2,3,1,2,1
739,high,med,5more,4,small,med,unacc,0,2,3,1,2,2
740,high,med,5more,4,small,high,acc,0,2,3,1,2,0
741,high,med,5more,4,med,low,unacc,0,2,3,1,1,1
742,high,med,5more,4,med,med,acc,0,2,3,1,1,2
743,high,med,5more,4,med,high,acc,0,2,3,1,1,0
744,high,med,5more,4,big,low,unacc,0,2,3,1,0,1
745,high,med,5more,4,big,med,acc,0,2,3,1,0,2
746,high,med,5more,4,big,high,acc,0,2,3,1,0,0
747,high,med,5more,more,small,low,unacc,0,2,3,2,2,1
748,high,med,5more,more,small,med,unacc,0,2,3,2,2,2
749,high,med,5more,more,small,high,acc,0,2,3,2,2,0
750,high,med,5more,more,med,low,unacc,0,2,3,2,1,1
751,high,med,5more,more,med,med,acc,0,2,3,2,1,2
752,high,med,5more,more,med,high,acc,0,2,3,2,1,0
753,high,med,5more,more,big,low,unacc,0,2,3,2,0,1
754,high,med,5more,more,big,med,acc,0,2,3,2,0,2
755,high,med,5more,more,big,high,acc,0,2,3,2,0,0
756,high,low,2,2,small,low,unacc,0,1,0,0,2,1
757,high,low,2,2,small,med,unacc,0,1,0,0,2,2
758,high,low,2,2,small,high,unacc,0,1,0,0,2,0
759,high,low,2,2,med,low,unacc,0,1,0,0,1,1
760,high,low,2,2,med,med,unacc,0,1,0,0,1,2
761,high,low,2,2,med,high,unacc,0,1,0,0,1,0
762,high,low,2,2,big,low,unacc,0,1,0,0,0,1
763,high,low,2,2,big,med,unacc,0,1,0,0,0,2
764,high,low,2,2,big,high,unacc,0,1,0,0,0,0
765,high,low,2,4,small,low,unacc,0,1,0,1,2,1
766,high,low,2,4,small,med,unacc,0,1,0,1,2,2
767,high,low,2,4,small,high,acc,0,1,0,1,2,0
768,high,low,2,4,med,low,unacc,0,1,0,1,1,1
769,high,low,2,4,med,med,unacc,0,1,0,1,1,2
770,high,low,2,4,med,high,acc,0,1,0,1,1,0
771,high,low,2,4,big,low,unacc,0,1,0,1,0,1
772,high,low,2,4,big,med,acc,0,1,0,1,0,2
773,high,low,2,4,big,high,acc,0,1,0,1,0,0
774,high,low,2,more,small,low,unacc,0,1,0,2,2,1
775,high,low,2,more,small,med,unacc,0,1,0,2,2,2
776,high,low,2,more,small,high,unacc,0,1,0,2,2,0
777,high,low,2,more,med,low,unacc,0,1,0,2,1,1
778,high,low,2,more,med,med,unacc,0,1,0,2,1,2
779,high,low,2,more,med,high,acc,0,1,0,2,1,0
780,high,low,2,more,big,low,unacc,0,1,0,2,0,1
781,high,low,2,more,big,med,acc,0,1,0,2,0,2
782,high,low,2,more,big,high,acc,0,1,0,2,0,0
783,high,low,3,2,small,low,unacc,0,1,1,0,2,1
784,high,low,3,2,small,med,unacc,0,1,1,0,2,2
785,high,low,3,2,small,high,unacc,0,1,1,0,2,0
786,high,low,3,2,med,low,unacc,0,1,1,0,1,1
787,high,low,3,2,med,med,unacc,0,1,1,0,1,2
788,high,low,3,2,med,high,unacc,0,1,1,0,1,0
789,high,low,3,2,big,low,unacc,0,1,1,0,0,1
790,high,low,3,2,big,med,unacc,0,1,1,0,0,2
791,high,low,3,2,big,high,unacc,0,1,1,0,0,0
792,high,low,3,4,small,low,unacc,0,1,1,1,2,1
793,high,low,3,4,small,med,unacc,0,1,1,1,2,2
794,high,low,3,4,small,high,acc,0,1,1,1,2,0
795,high,low,3,4,med,low,unacc,0,1,1,1,1,1
796,high,low,3,4,med,med,unacc,0,1,1,1,1,2
797,high,low,3,4,med,high,acc,0,1,1,1,1,0
798,high,low,3,4,big,low,unacc,0,1,1,1,0,1
799,high,low,3,4,big,med,acc,0,1,1,1,0,2
800,high,low,3,4,big,high,acc,0,1,1,1,0,0
801,high,low,3,more,small,low,unacc,0,1,1,2,2,1
802,high,low,3,more,small,med,unacc,0,1,1,2,2,2
803,high,low,3,more,small,high,acc,0,1,1,2,2,0
804,high,low,3,more,med,low,unacc,0,1,1,2,1,1
805,high,low,3,more,med,med,acc,0,1,1,2,1,2
806,high,low,3,more,med,high,acc,0,1,1,2,1,0
807,high,low,3,more,big,low,unacc,0,1,1,2,0,1
808,high,low,3,more,big,med,acc,0,1,1,2,0,2
809,high,low,3,more,big,high,acc,0,1,1,2,0,0
810,high,low,4,2,small,low,unacc,0,1,2,0,2,1
811,high,low,4,2,small,med,unacc,0,1,2,0,2,2
812,high,low,4,2,small,high,unacc,0,1,2,0,2,0
813,high,low,4,2,med,low,unacc,0,1,2,0,1,1
814,high,low,4,2,med,med,unacc,0,1,2,0,1,2
815,high,low,4,2,med,high,unacc,0,1,2,0,1,0
816,high,low,4,2,big,low,unacc,0,1,2,0,0,1
817,high,low,4,2,big,med,unacc,0,1,2,0,0,2
818,high,low,4,2,big,high,unacc,0,1,2,0,0,0
819,high,low,4,4,small,low,unacc,0,1,2,1,2,1
820,high,low,4,4,small,med,unacc,0,1,2,1,2,2
821,high,low,4,4,small,high,acc,0,1,2,1,2,0
822,high,low,4,4,med,low,unacc,0,1,2,1,1,1
823,high,low,4,4,med,med,acc,0,1,2,1,1,2
824,high,low,4,4,med,high,acc,0,1,2,1,1,0
825,high,low,4,4,big,low,unacc,0,1,2,1,0,1
826,high,low,4,4,big,med,acc,0,1,2,1,0,2
827,high,low,4,4,big,high,acc,0,1,2,1,0,0
828,high,low,4,more,small,low,unacc,0,1,2,2,2,1
829,high,low,4,more,small,med,unacc,0,1,2,2,2,2
830,high,low,4,more,small,high,acc,0,1,2,2,2,0
831,high,low,4,more,med,low,unacc,0,1,2,2,1,1
832,high,low,4,more,med,med,acc,0,1,2,2,1,2
833,high,low,4,more,med,high,acc,0,1,2,2,1,0
834,high,low,4,more,big,low,unacc,0,1,2,2,0,1
835,high,low,4,more,big,med,acc,0,1,2,2,0,2
836,high,low,4,more,big,high,acc,0,1,2,2,0,0
837,high,low,5more,2,small,low,unacc,0,1,3,0,2,1
838,high,low,5more,2,small,med,unacc,0,1,3,0,2,2
839,high,low,5more,2,small,high,unacc,0,1,3,0,2,0
840,high,low,5more,2,med,low,unacc,0,1,3,0,1,1
841,high,low,5more,2,med,med,unacc,0,1,3,0,1,2
842,high,low,5more,2,med,high,unacc,0,1,3,0,1,0
843,high,low,5more,2,big,low,unacc,0,1,3,0,0,1
844,high,low,5more,2,big,med,unacc,0,1,3,0,0,2
845,high,low,5more,2,big,high,unacc,0,1,3,0,0,0
846,high,low,5more,4,small,low,unacc,0,1,3,1,2,1
847,high,low,5more,4,small,med,unacc,0,1,3,1,2,2
848,high,low,5more,4,small,high,acc,0,1,3,1,2,0
849,high,low,5more,4,med,low,unacc,0,1,3,1,1,1
850,high,low,5more,4,med,med,acc,0,1,3,1,1,2
851,high,low,5more,4,med,high,acc,0,1,3,1,1,0
852,high,low,5more,4,big,low,unacc,0,1,3,1,0,1
853,high,low,5more,4,big,med,acc,0,1,3,1,0,2
854,high,low,5more,4,big,high,acc,0,1,3,1,0,0
855,high,low,5more,more,small,low,unacc,0,1,3,2,2,1
856,high,low,5more,more,small,med,unacc,0,1,3,2,2,2
857,high,low,5more,more,small,high,acc,0,1,3,2,2,0
858,high,low,5more,more,med,low,unacc,0,1,3,2,1,1
859,high,low,5more,more,med,med,acc,0,1,3,2,1,2
860,high,low,5more,more,med,high,acc,0,1,3,2,1,0
861,high,low,5more,more,big,low,unacc,0,1,3,2,0,1
862,high,low,5more,more,big,med,acc,0,1,3,2,0,2
863,high,low,5more,more,big,high,acc,0,1,3,2,0,0
864,med,vhigh,2,2,small,low,unacc,2,3,0,0,2,1
865,med,vhigh,2,2,small,med,unacc,2,3,0,0,2,2
866,med,vhigh,2,2,small,high,unacc,2,3,0,0,2,0
867,med,vhigh,2,2,med,low,unacc,2,3,0,0,1,1
868,med,vhigh,2,2,med,med,unacc,2,3,0,0,1,2
869,med,vhigh,2,2,med,high,unacc,2,3,0,0,1,0
870,med,vhigh,2,2,big,low,unacc,2,3,0,0,0,1
871,med,vhigh,2,2,big,med,unacc,2,3,0,0,0,2
872,med,vhigh,2,2,big,high,unacc,2,3,0,0,0,0
873,med,vhigh,2,4,small,low,unacc,2,3,0,1,2,1
874,med,vhigh,2,4,small,med,unacc,2,3,0,1,2,2
875,med,vhigh,2,4,small,high,acc,2,3,0,1,2,0
876,med,vhigh,2,4,med,low,unacc,2,3,0,1,1,1
877,med,vhigh,2,4,med,med,unacc,2,3,0,1,1,2
878,med,vhigh,2,4,med,high,acc,2,3,0,1,1,0
879,med,vhigh,2,4,big,low,unacc,2,3,0,1,0,1
880,med,vhigh,2,4,big,med,acc,2,3,0,1,0,2
881,med,vhigh,2,4,big,high,acc,2,3,0,1,0,0
882,med,vhigh,2,more,small,low,unacc,2,3,0,2,2,1
883,med,vhigh,2,more,small,med,unacc,2,3,0,2,2,2
884,med,vhigh,2,more,small,high,unacc,2,3,0,2,2,0
885,med,vhigh,2,more,med,low,unacc,2,3,0,2,1,1
886,med,vhigh,2,more,med,med,unacc,2,3,0,2,1,2
887,med,vhigh,2,more,med,high,acc,2,3,0,2,1,0
888,med,vhigh,2,more,big,low,unacc,2,3,0,2,0,1
889,med,vhigh,2,more,big,med,acc,2,3,0,2,0,2
890,med,vhigh,2,more,big,high,acc,2,3,0,2,0,0
891,med,vhigh,3,2,small,low,unacc,2,3,1,0,2,1
892,med,vhigh,3,2,small,med,unacc,2,3,1,0,2,2
893,med,vhigh,3,2,small,high,unacc,2,3,1,0,2,0
894,med,vhigh,3,2,med,low,unacc,2,3,1,0,1,1
895,med,vhigh,3,2,med,med,unacc,2,3,1,0,1,2
896,med,vhigh,3,2,med,high,unacc,2,3,1,0,1,0
897,med,vhigh,3,2,big,low,unacc,2,3,1,0,0,1
898,med,vhigh,3,2,big,med,unacc,2,3,1,0,0,2
899,med,vhigh,3,2,big,high,unacc,2,3,1,0,0,0
900,med,vhigh,3,4,small,low,unacc,2,3,1,1,2,1
901,med,vhigh,3,4,small,med,unacc,2,3,1,1,2,2
902,med,vhigh,3,4,small,high,acc,2,3,1,1,2,0
903,med,vhigh,3,4,med,low,unacc,2,3,1,1,1,1
904,med,vhigh,3,4,med,med,unacc,2,3,1,1,1,2
905,med,vhigh,3,4,med,high,acc,2,3,1,1,1,0
906,med,vhigh,3,4,big,low,unacc,2,3,1,1,0,1
907,med,vhigh,3,4,big,med,acc,2,3,1,1,0,2
908,med,vhigh,3,4,big,high,acc,2,3,1,1,0,0
909,med,vhigh,3,more,small,low,unacc,2,3,1,2,2,1
910,med,vhigh,3,more,small,med,unacc,2,3,1,2,2,2
911,med,vhigh,3,more,small,high,acc,2,3,1,2,2,0
912,med,vhigh,3,more,med,low,unacc,2,3,1,2,1,1
913,med,vhigh,3,more,med,med,acc,2,3,1,2,1,2
914,med,vhigh,3,more,med,high,acc,2,3,1,2,1,0
915,med,vhigh,3,more,big,low,unacc,2,3,1,2,0,1
916,med,vhigh,3,more,big,med,acc,2,3,1,2,0,2
917,med,vhigh,3,more,big,high,acc,2,3,1,2,0,0
918,med,vhigh,4,2,small,low,unacc,2,3,2,0,2,1
919,med,vhigh,4,2,small,med,unacc,2,3,2,0,2,2
920,med,vhigh,4,2,small,high,unacc,2,3,2,0,2,0
921,med,vhigh,4,2,med,low,unacc,2,3,2,0,1,1
922,med,vhigh,4,2,med,med,unacc,2,3,2,0,1,2
923,med,vhigh,4,2,med,high,unacc,2,3,2,0,1,0
924,med,vhigh,4,2,big,low,unacc,2,3,2,0,0,1
925,med,vhigh,4,2,big,med,unacc,2,3,2,0,0,2
926,med,vhigh,4,2,big,high,unacc,2,3,2,0,0,0
927,med,vhigh,4,4,small,low,unacc,2,3,2,1,2,1
928,med,vhigh,4,4,small,med,unacc,2,3,2,1,2,2
929,med,vhigh,4,4,small,high,acc,2,3,2,1,2,0
930,med,vhigh,4,4,med,low,unacc,2,3,2,1,1,1
931,med,vhigh,4,4,med,med,acc,2,3,2,1,1,2
932,med,vhigh,4,4,med,high,acc,2,3,2,1,1,0
933,med,vhigh,4,4,big,low,unacc,2,3,2,1,0,1
934,med,vhigh,4,4,big,med,acc,2,3,2,1,0,2
935,med,vhigh,4,4,big,high,acc,2,3,2,1,0,0
936,med,vhigh,4,more,small,low,unacc,2,3,2,2,2,1
937,med,vhigh,4,more,small,med,unacc,2,3,2,2,2,2
938,med,vhigh,4,more,small,high,acc,2,3,2,2,2,0
939,med,vhigh,4,more,med,low,unacc,2,3,2,2,1,1
940,med,vhigh,4,more,med,med,acc,2,3,2,2,1,2
941,med,vhigh,4,more,med,high,acc,2,3,2,2,1,0
942,med,vhigh,4,more,big,low,unacc,2,3,2,2,0,1
943,med,vhigh,4,more,big,med,acc,2,3,2,2,0,2
944,med,vhigh,4,more,big,high,acc,2,3,2,2,0,0
945,med,vhigh,5more,2,small,low,unacc,2,3,3,0,2,1
946,med,vhigh,5more,2,small,med,unacc,2,3,3,0,2,2
947,med,vhigh,5more,2,small,high,unacc,2,3,3,0,2,0
948,med,vhigh,5more,2,med,low,unacc,2,3,3,0,1,1
949,med,vhigh,5more,2,med,med,unacc,2,3,3,0,1,2
950,med,vhigh,5more,2,med,high,unacc,2,3,3,0,1,0
951,med,vhigh,5more,2,big,low,unacc,2,3,3,0,0,1
952,med,vhigh,5more,2,big,med,unacc,2,3,3,0,0,2
953,med,vhigh,5more,2,big,high,unacc,2,3,3,0,0,0
954,med,vhigh,5more,4,small,low,unacc,2,3,3,1,2,1
955,med,vhigh,5more,4,small,med,unacc,2,3,3,1,2,2
956,med,vhigh,5more,4,small,high,acc,2,3,3,1,2,0
957,med,vhigh,5more,4,med,low,unacc,2,3,3,1,1,1
958,med,vhigh,5more,4,med,med,acc,2,3,3,1,1,2
959,med,vhigh,5more,4,med,high,acc,2,3,3,1,1,0
960,med,vhigh,5more,4,big,low,unacc,2,3,3,1,0,1
961,med,vhigh,5more,4,big,med,acc,2,3,3,1,0,2
962,med,vhigh,5more,4,big,high,acc,2,3,3,1,0,0
963,med,vhigh,5more,more,small,low,unacc,2,3,3,2,2,1
964,med,vhigh,5more,more,small,med,unacc,2,3,3,2,2,2
965,med,vhigh,5more,more,small,high,acc,2,3,3,2,2,0
966,med,vhigh,5more,more,med,low,unacc,2,3,3,2,1,1
967,med,vhigh,5more,more,med,med,acc,2,3,3,2,1,2
968,med,vhigh,5more,more,med,high,acc,2,3,3,2,1,0
969,med,vhigh,5more,more,big,low,unacc,2,3,3,2,0,1
970,med,vhigh,5more,more,big,med,acc,2,3,3,2,0,2
971,med,vhigh,5more,more,big,high,acc,2,3,3,2,0,0
972,med,high,2,2,small,low,unacc,2,0,0,0,2,1
973,med,high,2,2,small,med,unacc,2,0,0,0,2,2
974,med,high,2,2,small,high,unacc,2,0,0,0,2,0
975,med,high,2,2,med,low,unacc,2,0,0,0,1,1
976,med,high,2,2,med,med,unacc,2,0,0,0,1,2
977,med,high,2,2,med,high,unacc,2,0,0,0,1,0
978,med,high,2,2,big,low,unacc,2,0,0,0,0,1
979,med,high,2,2,big,med,unacc,2,0,0,0,0,2
980,med,high,2,2,big,high,unacc,2,0,0,0,0,0
981,med,high,2,4,small,low,unacc,2,0,0,1,2,1
982,med,high,2,4,small,med,unacc,2,0,0,1,2,2
983,med,high,2,4,small,high,acc,2,0,0,1,2,0
984,med,high,2,4,med,low,unacc,2,0,0,1,1,1
985,med,high,2,4,med,med,unacc,2,0,0,1,1,2
986,med,high,2,4,med,high,acc,2,0,0,1,1,0
987,med,high,2,4,big,low,unacc,2,0,0,1,0,1
988,med,high,2,4,big,med,acc,2,0,0,1,0,2
989,med,high,2,4,big,high,acc,2,0,0,1,0,0
990,med,high,2,more,small,low,unacc,2,0,0,2,2,1
991,med,high,2,more,small,med,unacc,2,0,0,2,2,2
992,med,high,2,more,small,high,unacc,2,0,0,2,2,0
993,med,high,2,more,med,low,unacc,2,0,0,2,1,1
994,med,high,2,more,med,med,unacc,2,0,0,2,1,2
995,med,high,2,more,med,high,acc,2,0,0,2,1,0
996,med,high,2,more,big,low,unacc,2,0,0,2,0,1
997,med,high,2,more,big,med,acc,2,0,0,2,0,2
998,med,high,2,more,big,high,acc,2,0,0,2,0,0
999,med,high,3,2,small,low,unacc,2,0,1,0,2,1
1000,med,high,3,2,small,med,unacc,2,0,1,0,2,2
1001,med,high,3,2,small,high,unacc,2,0,1,0,2,0
1002,med,high,3,2,med,low,unacc,2,0,1,0,1,1
1003,med,high,3,2,med,med,unacc,2,0,1,0,1,2
1004,med,high,3,2,med,high,unacc,2,0,1,0,1,0
1005,med,high,3,2,big,low,unacc,2,0,1,0,0,1
1006,med,high,3,2,big,med,unacc,2,0,1,0,0,2
1007,med,high,3,2,big,high,unacc,2,0,1,0,0,0
1008,med,high,3,4,small,low,unacc,2,0,1,1,2,1
1009,med,high,3,4,small,med,unacc,2,0,1,1,2,2
1010,med,high,3,4,small,high,acc,2,0,1,1,2,0
1011,med,high,3,4,med,low,unacc,2,0,1,1,1,1
1012,med,high,3,4,med,med,unacc,2,0,1,1,1,2
1013,med,high,3,4,med,high,acc,2,0,1,1,1,0
1014,med,high,3,4,big,low,unacc,2,0,1,1,0,1
1015,med,high,3,4,big,med,acc,2,0,1,1,0,2
1016,med,high,3,4,big,high,acc,2,0,1,1,0,0
1017,med,high,3,more,small,low,unacc,2,0,1,2,2,1
1018,med,high,3,more,small,med,unacc,2,0,1,2,2,2
1019,med,high,3,more,small,high,acc,2,0,1,2,2,0
1020,med,high,3,more,med,low,unacc,2,0,1,2,1,1
1021,med,high,3,more,med,med,acc,2,0,1,2,1,2
1022,med,high,3,more,med,high,acc,2,0,1,2,1,0
1023,med,high,3,more,big,low,unacc,2,0,1,2,0,1
1024,med,high,3,more,big,med,acc,2,0,1,2,0,2
1025,med,high,3,more,big,high,acc,2,0,1,2,0,0
1026,med,high,4,2,small,low,unacc,2,0,2,0,2,1
1027,med,high,4,2,small,med,unacc,2,0,2,0,2,2
1028,med,high,4,2,small,high,unacc,2,0,2,0,2,0
1029,med,high,4,2,med,low,unacc,2,0,2,0,1,1
1030,med,high,4,2,med,med,unacc,2,0,2,0,1,2
1031,med,high,4,2,med,high,unacc,2,0,2,0,1,0
1032,med,high,4,2,big,low,unacc,2,0,2,0,0,1
1033,med,high,4,2,big,med,unacc,2,0,2,0,0,2
1034,med,high,4,2,big,high,unacc,2,0,2,0,0,0
1035,med,high,4,4,small,low,unacc,2,0,2,1,2,1
1036,med,high,4,4,small,med,unacc,2,0,2,1,2,2
1037,med,high,4,4,small,high,acc,2,0,2,1,2,0
1038,med,high,4,4,med,low,unacc,2,0,2,1,1,1
1039,med,high,4,4,med,med,acc,2,0,2,1,1,2
1040,med,high,4,4,med,high,acc,2,0,2,1,1,0
1041,med,high,4,4,big,low,unacc,2,0,2,1,0,1
1042,med,high,4,4,big,med,acc,2,0,2,1,0,2
1043,med,high,4,4,big,high,acc,2,0,2,1,0,0
1044,med,high,4,more,small,low,unacc,2,0,2,2,2,1
1045,med,high,4,more,small,med,unacc,2,0,2,2,2,2
1046,med,high,4,more,small,high,acc,2,0,2,2,2,0
1047,med,high,4,more,med,low,unacc,2,0,2,2,1,1
1048,med,high,4,more,med,med,acc,2,0,2,2,1,2
1049,med,high,4,more,med,high,acc,2,0,2,2,1,0
1050,med,high,4,more,big,low,unacc,2,0,2,2,0,1
1051,med,high,4,more,big,med,acc,2,0,2,2,0,2
1052,med,high,4,more,big,high,acc,2,0,2,2,0,0
1053,med,high,5more,2,small,low,unacc,2,0,3,0,2,1
1054,med,high,5more,2,small,med,unacc,2,0,3,0,2,2
1055,med,high,5more,2,small,high,unacc,2,0,3,0,2,0
1056,med,high,5more,2,med,low,unacc,2,0,3,0,1,1
1057,med,high,5more,2,med,med,unacc,2,0,3,0,1,2
1058,med,high,5more,2,med,high,unacc,2,0,3,0,1,0
1059,med,high,5more,2,big,low,unacc,2,0,3,0,0,1
1060,med,high,5more,2,big,med,unacc,2,0,3,0,0,2
1061,med,high,5more,2,big,high,unacc,2,0,3,0,0,0
1062,med,high,5more,4,small,low,unacc,2,0,3,1,2,1
1063,med,high,5more,4,small,med,unacc,2,0,3,1,2,2
1064,med,high,5more,4,small,high,acc,2,0,3,1,2,0
1065,med,high,5more,4,med,low,unacc,2,0,3,1,1,1
1066,med,high,5more,4,med,med,acc,2,0,3,1,1,2
1067,med,high,5more,4,med,high,acc,2,0,3,1,1,0
1068,med,high,5more,4,big,low,unacc,2,0,3,1,0,1
1069,med,high,5more,4,big,med,acc,2,0,3,1,0,2
1070,med,high,5more,4,big,high,acc,2,0,3,1,0,0
1071,med,high,5more,more,small,low,unacc,2,0,3,2,2,1
1072,med,high,5more,more,small,med,unacc,2,0,3,2,2,2
1073,med,high,5more,more,small,high,acc,2,0,3,2,2,0
1074,med,high,5more,more,med,low,unacc,2,0,3,2,1,1
1075,med,high,5more,more,med,med,acc,2,0,3,2,1,2
1076,med,high,5more,more,med,high,acc,2,0,3,2,1,0
1077,med,high,5more,more,big,low,unacc,2,0,3,2,0,1
1078,med,high,5more,more,big,med,acc,2,0,3,2,0,2
1079,med,high,5more,more,big,high,acc,2,0,3,2,0,0
1080,med,med,2,2,small,low,unacc,2,2,0,0,2,1
1081,med,med,2,2,small,med,unacc,2,2,0,0,2,2
1082,med,med,2,2,small,high,unacc,2,2,0,0,2,0
1083,med,med,2,2,med,low,unacc,2,2,0,0,1,1
1084,med,med,2,2,med,med,unacc,2,2,0,0,1,2
1085,med,med,2,2,med,high,unacc,2,2,0,0,1,0
1086,med,med,2,2,big,low,unacc,2,2,0,0,0,1
1087,med,med,2,2,big,med,unacc,2,2,0,0,0,2
1088,med,med,2,2,big,high,unacc,2,2,0,0,0,0
1089,med,med,2,4,small,low,unacc,2,2,0,1,2,1
1090,med,med,2,4,small,med,acc,2,2,0,1,2,2
1091,med,med,2,4,small,high,acc,2,2,0,1,2,0
1092,med,med,2,4,med,low,unacc,2,2,0,1,1,1
1093,med,med,2,4,med,med,acc,2,2,0,1,1,2
1094,med,med,2,4,med,high,acc,2,2,0,1,1,0
1095,med,med,2,4,big,low,unacc,2,2,0,1,0,1
1096,med,med,2,4,big,med,acc,2,2,0,1,0,2
1097,med,med,2,4,big,high,vgood,2,2,0,1,0,0
1098,med,med,2,more,small,low,unacc,2,2,0,2,2,1
1099,med,med,2,more,small,med,unacc,2,2,0,2,2,2
1100,med,med,2,more,small,high,unacc,2,2,0,2,2,0
1101,med,med,2,more,med,low,unacc,2,2,0,2,1,1
1102,med,med,2,more,med,med,acc,2,2,0,2,1,2
1103,med,med,2,more,med,high,acc,2,2,0,2,1,0
1104,med,med,2,more,big,low,unacc,2,2,0,2,0,1
1105,med,med,2,more,big,med,acc,2,2,0,2,0,2
1106,med,med,2,more,big,high,vgood,2,2,0,2,0,0
1107,med,med,3,2,small,low,unacc,2,2,1,0,2,1
1108,med,med,3,2,small,med,unacc,2,2,1,0,2,2
1109,med,med,3,2,small,high,unacc,2,2,1,0,2,0
1110,med,med,3,2,med,low,unacc,2,2,1,0,1,1
1111,med,med,3,2,med,med,unacc,2,2,1,0,1,2
1112,med,med,3,2,med,high,unacc,2,2,1,0,1,0
1113,med,med,3,2,big,low,unacc,2,2,1,0,0,1
1114,med,med,3,2,big,med,unacc,2,2,1,0,0,2
1115,med,med,3,2,big,high,unacc,2,2,1,0,0,0
1116,med,med,3,4,small,low,unacc,2,2,1,1,2,1
1117,med,med,3,4,small,med,acc,2,2,1,1,2,2
1118,med,med,3,4,small,high,acc,2,2,1,1,2,0
1119,med,med,3,4,med,low,unacc,2,2,1,1,1,1
1120,med,med,3,4,med,med,acc,2,2,1,1,1,2
1121,med,med,3,4,med,high,acc,2,2,1,1,1,0
1122,med,med,3,4,big,low,unacc,2,2,1,1,0,1
1123,med,med,3,4,big,med,acc,2,2,1,1,0,2
1124,med,med,3,4,big,high,vgood,2,2,1,1,0,0
1125,med,med,3,more,small,low,unacc,2,2,1,2,2,1
1126,med,med,3,more,small,med,acc,2,2,1,2,2,2
1127,med,med,3,more,small,high,acc,2,2,1,2,2,0
1128,med,med,3,more,med,low,unacc,2,2,1,2,1,1
1129,med,med,3,more,med,med,acc,2,2,1,2,1,2
1130,med,med,3,more,med,high,vgood,2,2,1,2,1,0
1131,med,med,3,more,big,low,unacc,2,2,1,2,0,1
1132,med,med,3,more,big,med,acc,2,2,1,2,0,2
1133,med,med,3,more,big,high,vgood,2,2,1,2,0,0
1134,med,med,4,2,small,low,unacc,2,2,2,0,2,1
1135,med,med,4,2,small,med,unacc,2,2,2,0,2,2
1136,med,med,4,2,small,high,unacc,2,2,2,0,2,0
1137,med,med,4,2,med,low,unacc,2,2,2,0,1,1
1138,med,med,4,2,med,med,unacc,2,2,2,0,1,2
1139,med,med,4,2,med,high,unacc,2,2,2,0,1,0
1140,med,med,4,2,big,low,unacc,2,2,2,0,0,1
1141,med,med,4,2,big,med,unacc,2,2,2,0,0,2
1142,med,med,4,2,big,high,unacc,2,2,2,0,0,0
1143,med,med,4,4,small,low,unacc,2,2,2,1,2,1
1144,med,med,4,4,small,med,acc,2,2,2,1,2,2
1145,med,med,4,4,small,high,acc,2,2,2,1,2,0
1146,med,med,4,4,med,low,unacc,2,2,2,1,1,1
1147,med,med,4,4,med,med,acc,2,2,2,1,1,2
1148,med,med,4,4,med,high,vgood,2,2,2,1,1,0
1149,med,med,4,4,big,low,unacc,2,2,2,1,0,1
1150,med,med,4,4,big,med,acc,2,2,2,1,0,2
1151,med,med,4,4,big,high,vgood,2,2,2,1,0,0
1152,med,med,4,more,small,low,unacc,2,2,2,2,2,1
1153,med,med,4,more,small,med,acc,2,2,2,2,2,2
1154,med,med,4,more,small,high,acc,2,2,2,2,2,0
1155,med,med,4,more,med,low,unacc,2,2,2,2,1,1
1156,med,med,4,more,med,med,acc,2,2,2,2,1,2
1157,med,med,4,more,med,high,vgood,2,2,2,2,1,0
1158,med,med,4,more,big,low,unacc,2,2,2,2,0,1
1159,med,med,4,more,big,med,acc,2,2,2,2,0,2
1160,med,med,4,more,big,high,vgood,2,2,2,2,0,0
1161,med,med,5more,2,small,low,unacc,2,2,3,0,2,1
1162,med,med,5more,2,small,med,unacc,2,2,3,0,2,2
1163,med,med,5more,2,small,high,unacc,2,2,3,0,2,0
1164,med,med,5more,2,med,low,unacc,2,2,3,0,1,1
1165,med,med,5more,2,med,med,unacc,2,2,3,0,1,2
1166,med,med,5more,2,med,high,unacc,2,2,3,0,1,0
1167,med,med,5more,2,big,low,unacc,2,2,3,0,0,1
1168,med,med,5more,2,big,med,unacc,2,2,3,0,0,2
1169,med,med,5more,2,big,high,unacc,2,2,3,0,0,0
1170,med,med,5more,4,small,low,unacc,2,2,3,1,2,1
1171,med,med,5more,4,small,med,acc,2,2,3,1,2,2
1172,med,med,5more,4,small,high,acc,2,2,3,1,2,0
1173,med,med,5more,4,med,low,unacc,2,2,3,1,1,1
1174,med,med,5more,4,med,med,acc,2,2,3,1,1,2
1175,med,med,5more,4,med,high,vgood,2,2,3,1,1,0
1176,med,med,5more,4,big,low,unacc,2,2,3,1,0,1
1177,med,med,5more,4,big,med,acc,2,2,3,1,0,2
1178,med,med,5more,4,big,high,vgood,2,2,3,1,0,0
1179,med,med,5more,more,small,low,unacc,2,2,3,2,2,1
1180,med,med,5more,more,small,med,acc,2,2,3,2,2,2
1181,med,med,5more,more,small,high,acc,2,2,3,2,2,0
1182,med,med,5more,more,med,low,unacc,2,2,3,2,1,1
1183,med,med,5more,more,med,med,acc,2,2,3,2,1,2
1184,med,med,5more,more,med,high,vgood,2,2,3,2,1,0
1185,med,med,5more,more,big,low,unacc,2,2,3,2,0,1
1186,med,med,5more,more,big,med,acc,2,2,3,2,0,2
1187,med,med,5more,more,big,high,vgood,2,2,3,2,0,0
1188,med,low,2,2,small,low,unacc,2,1,0,0,2,1
1189,med,low,2,2,small,med,unacc,2,1,0,0,2,2
1190,med,low,2,2,small,high,unacc,2,1,0,0,2,0
1191,med,low,2,2,med,low,unacc,2,1,0,0,1,1
1192,med,low,2,2,med,med,unacc,2,1,0,0,1,2
1193,med,low,2,2,med,high,unacc,2,1,0,0,1,0
1194,med,low,2,2,big,low,unacc,2,1,0,0,0,1
1195,med,low,2,2,big,med,unacc,2,1,0,0,0,2
1196,med,low,2,2,big,high,unacc,2,1,0,0,0,0
1197,med,low,2,4,small,low,unacc,2,1,0,1,2,1
1198,med,low,2,4,small,med,acc,2,1,0,1,2,2
1199,med,low,2,4,small,high,good,2,1,0,1,2,0
1200,med,low,2,4,med,low,unacc,2,1,0,1,1,1
1201,med,low,2,4,med,med,acc,2,1,0,1,1,2
1202,med,low,2,4,med,high,good,2,1,0,1,1,0
1203,med,low,2,4,big,low,unacc,2,1,0,1,0,1
1204,med,low,2,4,big,med,good,2,1,0,1,0,2
1205,med,low,2,4,big,high,vgood,2,1,0,1,0,0
1206,med,low,2,more,small,low,unacc,2,1,0,2,2,1
1207,med,low,2,more,small,med,unacc,2,1,0,2,2,2
1208,med,low,2,more,small,high,unacc,2,1,0,2,2,0
1209,med,low,2,more,med,low,unacc,2,1,0,2,1,1
1210,med,low,2,more,med,med,acc,2,1,0,2,1,2
1211,med,low,2,more,med,high,good,2,1,0,2,1,0
1212,med,low,2,more,big,low,unacc,2,1,0,2,0,1
1213,med,low,2,more,big,med,good,2,1,0,2,0,2
1214,med,low,2,more,big,high,vgood,2,1,0,2,0,0
1215,med,low,3,2,small,low,unacc,2,1,1,0,2,1
1216,med,low,3,2,small,med,unacc,2,1,1,0,2,2
1217,med,low,3,2,small,high,unacc,2,1,1,0,2,0
1218,med,low,3,2,med,low,unacc,2,1,1,0,1,1
1219,med,low,3,2,med,med,unacc,2,1,1,0,1,2
1220,med,low,3,2,med,high,unacc,2,1,1,0,1,0
1221,med,low,3,2,big,low,unacc,2,1,1,0,0,1
1222,med,low,3,2,big,med,unacc,2,1,1,0,0,2
1223,med,low,3,2,big,high,unacc,2,1,1,0,0,0
1224,med,low,3,4,small,low,unacc,2,1,1,1,2,1
1225,med,low,3,4,small,med,acc,2,1,1,1,2,2
1226,med,low,3,4,small,high,good,2,1,1,1,2,0
1227,med,low,3,4,med,low,unacc,2,1,1,1,1,1
1228,med,low,3,4,med,med,acc,2,1,1,1,1,2
1229,med,low,3,4,med,high,good,2,1,1,1,1,0
1230,med,low,3,4,big,low,unacc,2,1,1,1,0,1
1231,med,low,3,4,big,med,good,2,1,1,1,0,2
1232,med,low,3,4,big,high,vgood,2,1,1,1,0,0
1233,med,low,3,more,small,low,unacc,2,1,1,2,2,1
1234,med,low,3,more,small,med,acc,2,1,1,2,2,2
1235,med,low,3,more,small,high,good,2,1,1,2,2,0
1236,med,low,3,more,med,low,unacc,2,1,1,2,1,1
1237,med,low,3,more,med,med,good,2,1,1,2,1,2
1238,med,low,3,more,med,high,vgood,2,1,1,2,1,0
1239,med,low,3,more,big,low,unacc,2,1,1,2,0,1
1240,med,low,3,more,big,med,good,2,1,1,2,0,2
1241,med,low,3,more,big,high,vgood,2,1,1,2,0,0
1242,med,low,4,2,small,low,unacc,2,1,2,0,2,1
1243,med,low,4,2,small,med,unacc,2,1,2,0,2,2
1244,med,low,4,2,small,high,unacc,2,1,2,0,2,0
1245,med,low,4,2,med,low,unacc,2,1,2,0,1,1
1246,med,low,4,2,med,med,unacc,2,1,2,0,1,2
1247,med,low,4,2,med,high,unacc,2,1,2,0,1,0
1248,med,low,4,2,big,low,unacc,2,1,2,0,0,1
1249,med,low,4,2,big,med,unacc,2,1,2,0,0,2
1250,med,low,4,2,big,high,unacc,2,1,2,0,0,0
1251,med,low,4,4,small,low,unacc,2,1,2,1,2,1
1252,med,low,4,4,small,med,acc,2,1,2,1,2,2
1253,med,low,4,4,small,high,good,2,1,2,1,2,0
1254,med,low,4,4,med,low,unacc,2,1,2,1,1,1
1255,med,low,4,4,med,med,good,2,1,2,1,1,2
1256,med,low,4,4,med,high,vgood,2,1,2,1,1,0
1257,med,low,4,4,big,low,unacc,2,1,2,1,0,1
1258,med,low,4,4,big,med,good,2,1,2,1,0,2
1259,med,low,4,4,big,high,vgood,2,1,2,1,0,0
1260,med,low,4,more,small,low,unacc,2,1,2,2,2,1
1261,med,low,4,more,small,med,acc,2,1,2,2,2,2
1262,med,low,4,more,small,high,good,2,1,2,2,2,0
1263,med,low,4,more,med,low,unacc,2,1,2,2,1,1
1264,med,low,4,more,med,med,good,2,1,2,2,1,2
1265,med,low,4,more,med,high,vgood,2,1,2,2,1,0
1266,med,low,4,more,big,low,unacc,2,1,2,2,0,1
1267,med,low,4,more,big,med,good,2,1,2,2,0,2
1268,med,low,4,more,big,high,vgood,2,1,2,2,0,0
1269,med,low,5more,2,small,low,unacc,2,1,3,0,2,1
1270,med,low,5more,2,small,med,unacc,2,1,3,0,2,2
1271,med,low,5more,2,small,high,unacc,2,1,3,0,2,0
1272,med,low,5more,2,med,low,unacc,2,1,3,0,1,1
1273,med,low,5more,2,med,med,unacc,2,1,3,0,1,2
1274,med,low,5more,2,med,high,unacc,2,1,3,0,1,0
1275,med,low,5more,2,big,low,unacc,2,1,3,0,0,1
1276,med,low,5more,2,big,med,unacc,2,1,3,0,0,2
1277,med,low,5more,2,big,high,unacc,2,1,3,0,0,0
1278,med,low,5more,4,small,low,unacc,2,1,3,1,2,1
1279,med,low,5more,4,small,med,acc,2,1,3,1,2,2
1280,med,low,5more,4,small,high,good,2,1,3,1,2,0
1281,med,low,5more,4,med,low,unacc,2,1,3,1,1,1
1282,med,low,5more,4,med,med,good,2,1,3,1,1,2
1283,med,low,5more,4,med,high,vgood,2,1,3,1,1,0
1284,med,low,5more,4,big,low,unacc,2,1,3,1,0,1
1285,med,low,5more,4,big,med,good,2,1,3,1,0,2
1286,med,low,5more,4,big,high,vgood,2,1,3,1,0,0
1287,med,low,5more,more,small,low,unacc,2,1,3,2,2,1
1288,med,low,5more,more,small,med,acc,2,1,3,2,2,2
1289,med,low,5more,more,small,high,good,2,1,3,2,2,0
1290,med,low,5more,more,med,low,unacc,2,1,3,2,1,1
1291,med,low,5more,more,med,med,good,2,1,3,2,1,2
1292,med,low,5more,more,med,high,vgood,2,1,3,2,1,0
1293,med,low,5more,more,big,low,unacc,2,1,3,2,0,1
1294,med,low,5more,more,big,med,good,2,1,3,2,0,2
1295,med,low,5more,more,big,high,vgood,2,1,3,2,0,0
1296,low,vhigh,2,2,small,low,unacc,1,3,0,0,2,1
1297,low,vhigh,2,2,small,med,unacc,1,3,0,0,2,2
1298,low,vhigh,2,2,small,high,unacc,1,3,0,0,2,0
1299,low,vhigh,2,2,med,low,unacc,1,3,0,0,1,1
1300,low,vhigh,2,2,med,med,unacc,1,3,0,0,1,2
1301,low,vhigh,2,2,med,high,unacc,1,3,0,0,1,0
1302,low,vhigh,2,2,big,low,unacc,1,3,0,0,0,1
1303,low,vhigh,2,2,big,med,unacc,1,3,0,0,0,2
1304,low,vhigh,2,2,big,high,unacc,1,3,0,0,0,0
1305,low,vhigh,2,4,small,low,unacc,1,3,0,1,2,1
1306,low,vhigh,2,4,small,med,unacc,1,3,0,1,2,2
1307,low,vhigh,2,4,small,high,acc,1,3,0,1,2,0
1308,low,vhigh,2,4,med,low,unacc,1,3,0,1,1,1
1309,low,vhigh,2,4,med,med,unacc,1,3,0,1,1,2
1310,low,vhigh,2,4,med,high,acc,1,3,0,1,1,0
1311,low,vhigh,2,4,big,low,unacc,1,3,0,1,0,1
1312,low,vhigh,2,4,big,med,acc,1,3,0,1,0,2
1313,low,vhigh,2,4,big,high,acc,1,3,0,1,0,0
1314,low,vhigh,2,more,small,low,unacc,1,3,0,2,2,1
1315,low,vhigh,2,more,small,med,unacc,1,3,0,2,2,2
1316,low,vhigh,2,more,small,high,unacc,1,3,0,2,2,0
1317,low,vhigh,2,more,med,low,unacc,1,3,0,2,1,1
1318,low,vhigh,2,more,med,med,unacc,1,3,0,2,1,2
1319,low,vhigh,2,more,med,high,acc,1,3,0,2,1,0
1320,low,vhigh,2,more,big,low,unacc,1,3,0,2,0,1
1321,low,vhigh,2,more,big,med,acc,1,3,0,2,0,2
1322,low,vhigh,2,more,big,high,acc,1,3,0,2,0,0
1323,low,vhigh,3,2,small,low,unacc,1,3,1,0,2,1
1324,low,vhigh,3,2,small,med,unacc,1,3,1,0,2,2
1325,low,vhigh,3,2,small,high,unacc,1,3,1,0,2,0
1326,low,vhigh,3,2,med,low,unacc,1,3,1,0,1,1
1327,low,vhigh,3,2,med,med,unacc,1,3,1,0,1,2
1328,low,vhigh,3,2,med,high,unacc,1,3,1,0,1,0
1329,low,vhigh,3,2,big,low,unacc,1,3,1,0,0,1
1330,low,vhigh,3,2,big,med,unacc,1,3,1,0,0,2
1331,low,vhigh,3,2,big,high,unacc,1,3,1,0,0,0
1332,low,vhigh,3,4,small,low,unacc,1,3,1,1,2,1
1333,low,vhigh,3,4,small,med,unacc,1,3,1,1,2,2
1334,low,vhigh,3,4,small,high,acc,1,3,1,1,2,0
1335,low,vhigh,3,4,med,low,unacc,1,3,1,1,1,1
1336,low,vhigh,3,4,med,med,unacc,1,3,1,1,1,2
1337,low,vhigh,3,4,med,high,acc,1,3,1,1,1,0
1338,low,vhigh,3,4,big,low,unacc,1,3,1,1,0,1
1339,low,vhigh,3,4,big,med,acc,1,3,1,1,0,2
1340,low,vhigh,3,4,big,high,acc,1,3,1,1,0,0
1341,low,vhigh,3,more,small,low,unacc,1,3,1,2,2,1
1342,low,vhigh,3,more,small,med,unacc,1,3,1,2,2,2
1343,low,vhigh,3,more,small,high,acc,1,3,1,2,2,0
1344,low,vhigh,3,more,med,low,unacc,1,3,1,2,1,1
1345,low,vhigh,3,more,med,med,acc,1,3,1,2,1,2
1346,low,vhigh,3,more,med,high,acc,1,3,1,2,1,0
1347,low,vhigh,3,more,big,low,unacc,1,3,1,2,0,1
1348,low,vhigh,3,more,big,med,acc,1,3,1,2,0,2
1349,low,vhigh,3,more,big,high,acc,1,3,1,2,0,0
1350,low,vhigh,4,2,small,low,unacc,1,3,2,0,2,1
1351,low,vhigh,4,2,small,med,unacc,1,3,2,0,2,2
1352,low,vhigh,4,2,small,high,unacc,1,3,2,0,2,0
1353,low,vhigh,4,2,med,low,unacc,1,3,2,0,1,1
1354,low,vhigh,4,2,med,med,unacc,1,3,2,0,1,2
1355,low,vhigh,4,2,med,high,unacc,1,3,2,0,1,0
1356,low,vhigh,4,2,big,low,unacc,1,3,2,0,0,1
1357,low,vhigh,4,2,big,med,unacc,1,3,2,0,0,2
1358,low,vhigh,4,2,big,high,unacc,1,3,2,0,0,0
1359,low,vhigh,4,4,small,low,unacc,1,3,2,1,2,1
1360,low,vhigh,4,4,small,med,unacc,1,3,2,1,2,2
1361,low,vhigh,4,4,small,high,acc,1,3,2,1,2,0
1362,low,vhigh,4,4,med,low,unacc,1,3,2,1,1,1
1363,low,vhigh,4,4,med,med,acc,1,3,2,1,1,2
1364,low,vhigh,4,4,med,high,acc,1,3,2,1,1,0
1365,low,vhigh,4,4,big,low,unacc,1,3,2,1,0,1
1366,low,vhigh,4,4,big,med,acc,1,3,2,1,0,2
1367,low,vhigh,4,4,big,high,acc,1,3,2,1,0,0
1368,low,vhigh,4,more,small,low,unacc,1,3,2,2,2,1
1369,low,vhigh,4,more,small,med,unacc,1,3,2,2,2,2
1370,low,vhigh,4,more,small,high,acc,1,3,2,2,2,0
1371,low,vhigh,4,more,med,low,unacc,1,3,2,2,1,1
1372,low,vhigh,4,more,med,med,acc,1,3,2,2,1,2
1373,low,vhigh,4,more,med,high,acc,1,3,2,2,1,0
1374,low,vhigh,4,more,big,low,unacc,1,3,2,2,0,1
1375,low,vhigh,4,more,big,med,acc,1,3,2,2,0,2
1376,low,vhigh,4,more,big,high,acc,1,3,2,2,0,0
1377,low,vhigh,5more,2,small,low,unacc,1,3,3,0,2,1
1378,low,vhigh,5more,2,small,med,unacc,1,3,3,0,2,2
1379,low,vhigh,5more,2,small,high,unacc,1,3,3,0,2,0
1380,low,vhigh,5more,2,med,low,unacc,1,3,3,0,1,1
1381,low,vhigh,5more,2,med,med,unacc,1,3,3,0,1,2
1382,low,vhigh,5more,2,med,high,unacc,1,3,3,0,1,0
1383,low,vhigh,5more,2,big,low,unacc,1,3,3,0,0,1
1384,low,vhigh,5more,2,big,med,unacc,1,3,3,0,0,2
1385,low,vhigh,5more,2,big,high,unacc,1,3,3,0,0,0
1386,low,vhigh,5more,4,small,low,unacc,1,3,3,1,2,1
1387,low,vhigh,5more,4,small,med,unacc,1,3,3,1,2,2
1388,low,vhigh,5more,4,small,high,acc,1,3,3,1,2,0
1389,low,vhigh,5more,4,med,low,unacc,1,3,3,1,1,1
1390,low,vhigh,5more,4,med,med,acc,1,3,3,1,1,2
1391,low,vhigh,5more,4,med,high,acc,1,3,3,1,1,0
1392,low,vhigh,5more,4,big,low,unacc,1,3,3,1,0,1
1393,low,vhigh,5more,4,big,med,acc,1,3,3,1,0,2
1394,low,vhigh,5more,4,big,high,acc,1,3,3,1,0,0
1395,low,vhigh,5more,more,small,low,unacc,1,3,3,2,2,1
1396,low,vhigh,5more,more,small,med,unacc,1,3,3,2,2,2
1397,low,vhigh,5more,more,small,high,acc,1,3,3,2,2,0
1398,low,vhigh,5more,more,med,low,unacc,1,3,3,2,1,1
1399,low,vhigh,5more,more,med,med,acc,1,3,3,2,1,2
1400,low,vhigh,5more,more,med,high,acc,1,3,3,2,1,0
1401,low,vhigh,5more,more,big,low,unacc,1,3,3,2,0,1
1402,low,vhigh,5more,more,big,med,acc,1,3,3,2,0,2
1403,low,vhigh,5more,more,big,high,acc,1,3,3,2,0,0
1404,low,high,2,2,small,low,unacc,1,0,0,0,2,1
1405,low,high,2,2,small,med,unacc,1,0,0,0,2,2
1406,low,high,2,2,small,high,unacc,1,0,0,0,2,0
1407,low,high,2,2,med,low,unacc,1,0,0,0,1,1
1408,low,high,2,2,med,med,unacc,1,0,0,0,1,2
1409,low,high,2,2,med,high,unacc,1,0,0,0,1,0
1410,low,high,2,2,big,low,unacc,1,0,0,0,0,1
1411,low,high,2,2,big,med,unacc,1,0,0,0,0,2
1412,low,high,2,2,big,high,unacc,1,0,0,0,0,0
1413,low,high,2,4,small,low,unacc,1,0,0,1,2,1
1414,low,high,2,4,small,med,acc,1,0,0,1,2,2
1415,low,high,2,4,small,high,acc,1,0,0,1,2,0
1416,low,high,2,4,med,low,unacc,1,0,0,1,1,1
1417,low,high,2,4,med,med,acc,1,0,0,1,1,2
1418,low,high,2,4,med,high,acc,1,0,0,1,1,0
1419,low,high,2,4,big,low,unacc,1,0,0,1,0,1
1420,low,high,2,4,big,med,acc,1,0,0,1,0,2
1421,low,high,2,4,big,high,vgood,1,0,0,1,0,0
1422,low,high,2,more,small,low,unacc,1,0,0,2,2,1
1423,low,high,2,more,small,med,unacc,1,0,0,2,2,2
1424,low,high,2,more,small,high,unacc,1,0,0,2,2,0
1425,low,high,2,more,med,low,unacc,1,0,0,2,1,1
1426,low,high,2,more,med,med,acc,1,0,0,2,1,2
1427,low,high,2,more,med,high,acc,1,0,0,2,1,0
1428,low,high,2,more,big,low,unacc,1,0,0,2,0,1
1429,low,high,2,more,big,med,acc,1,0,0,2,0,2
1430,low,high,2,more,big,high,vgood,1,0,0,2,0,0
1431,low,high,3,2,small,low,unacc,1,0,1,0,2,1
1432,low,high,3,2,small,med,unacc,1,0,1,0,2,2
1433,low,high,3,2,small,high,unacc,1,0,1,0,2,0
1434,low,high,3,2,med,low,unacc,1,0,1,0,1,1
1435,low,high,3,2,med,med,unacc,1,0,1,0,1,2
1436,low,high,3,2,med,high,unacc,1,0,1,0,1,0
1437,low,high,3,2,big,low,unacc,1,0,1,0,0,1
1438,low,high,3,2,big,med,unacc,1,0,1,0,0,2
1439,low,high,3,2,big,high,unacc,1,0,1,0,0,0
1440,low,high,3,4,small,low,unacc,1,0,1,1,2,1
1441,low,high,3,4,small,med,acc,1,0,1,1,2,2
1442,low,high,3,4,small,high,acc,1,0,1,1,2,0
1443,low,high,3,4,med,low,unacc,1,0,1,1,1,1
1444,low,high,3,4,med,med,acc,1,0,1,1,1,2
1445,low,high,3,4,med,high,acc,1,0,1,1,1,0
1446,low,high,3,4,big,low,unacc,1,0,1,1,0,1
1447,low,high,3,4,big,med,acc,1,0,1,1,0,2
1448,low,high,3,4,big,high,vgood,1,0,1,1,0,0
1449,low,high,3,more,small,low,unacc,1,0,1,2,2,1
1450,low,high,3,more,small,med,acc,1,0,1,2,2,2
1451,low,high,3,more,small,high,acc,1,0,1,2,2,0
1452,low,high,3,more,med,low,unacc,1,0,1,2,1,1
1453,low,high,3,more,med,med,acc,1,0,1,2,1,2
1454,low,high,3,more,med,high,vgood,1,0,1,2,1,0
1455,low,high,3,more,big,low,unacc,1,0,1,2,0,1
1456,low,high,3,more,big,med,acc,1,0,1,2,0,2
1457,low,high,3,more,big,high,vgood,1,0,1,2,0,0
1458,low,high,4,2,small,low,unacc,1,0,2,0,2,1
1459,low,high,4,2,small,med,unacc,1,0,2,0,2,2
1460,low,high,4,2,small,high,unacc,1,0,2,0,2,0
1461,low,high,4,2,med,low,unacc,1,0,2,0,1,1
1462,low,high,4,2,med,med,unacc,1,0,2,0,1,2
1463,low,high,4,2,med,high,unacc,1,0,2,0,1,0
1464,low,high,4,2,big,low,unacc,1,0,2,0,0,1
1465,low,high,4,2,big,med,unacc,1,0,2,0,0,2
1466,low,high,4,2,big,high,unacc,1,0,2,0,0,0
1467,low,high,4,4,small,low,unacc,1,0,2,1,2,1
1468,low,high,4,4,small,med,acc,1,0,2,1,2,2
1469,low,high,4,4,small,high,acc,1,0,2,1,2,0
1470,low,high,4,4,med,low,unacc,1,0,2,1,1,1
1471,low,high,4,4,med,med,acc,1,0,2,1,1,2
1472,low,high,4,4,med,high,vgood,1,0,2,1,1,0
1473,low,high,4,4,big,low,unacc,1,0,2,1,0,1
1474,low,high,4,4,big,med,acc,1,0,2,1,0,2
1475,low,high,4,4,big,high,vgood,1,0,2,1,0,0
1476,low,high,4,more,small,low,unacc,1,0,2,2,2,1
1477,low,high,4,more,small,med,acc,1,0,2,2,2,2
1478,low,high,4,more,small,high,acc,1,0,2,2,2,0
1479,low,high,4,more,med,low,unacc,1,0,2,2,1,1
1480,low,high,4,more,med,med,acc,1,0,2,2,1,2
1481,low,high,4,more,med,high,vgood,1,0,2,2,1,0
1482,low,high,4,more,big,low,unacc,1,0,2,2,0,1
1483,low,high,4,more,big,med,acc,1,0,2,2,0,2
1484,low,high,4,more,big,high,vgood,1,0,2,2,0,0
1485,low,high,5more,2,small,low,unacc,1,0,3,0,2,1
1486,low,high,5more,2,small,med,unacc,1,0,3,0,2,2
1487,low,high,5more,2,small,high,unacc,1,0,3,0,2,0
1488,low,high,5more,2,med,low,unacc,1,0,3,0,1,1
1489,low,high,5more,2,med,med,unacc,1,0,3,0,1,2
1490,low,high,5more,2,med,high,unacc,1,0,3,0,1,0
1491,low,high,5more,2,big,low,unacc,1,0,3,0,0,1
1492,low,high,5more,2,big,med,unacc,1,0,3,0,0,2
1493,low,high,5more,2,big,high,unacc,1,0,3,0,0,0
1494,low,high,5more,4,small,low,unacc,1,0,3,1,2,1
1495,low,high,5more,4,small,med,acc,1,0,3,1,2,2
1496,low,high,5more,4,small,high,acc,1,0,3,1,2,0
1497,low,high,5more,4,med,low,unacc,1,0,3,1,1,1
1498,low,high,5more,4,med,med,acc,1,0,3,1,1,2
1499,low,high,5more,4,med,high,vgood,1,0,3,1,1,0
1500,low,high,5more,4,big,low,unacc,1,0,3,1,0,1
1501,low,high,5more,4,big,med,acc,1,0,3,1,0,2
1502,low,high,5more,4,big,high,vgood,1,0,3,1,0,0
1503,low,high,5more,more,small,low,unacc,1,0,3,2,2,1
1504,low,high,5more,more,small,med,acc,1,0,3,2,2,2
1505,low,high,5more,more,small,high,acc,1,0,3,2,2,0
1506,low,high,5more,more,med,low,unacc,1,0,3,2,1,1
1507,low,high,5more,more,med,med,acc,1,0,3,2,1,2
1508,low,high,5more,more,med,high,vgood,1,0,3,2,1,0
1509,low,high,5more,more,big,low,unacc,1,0,3,2,0,1
1510,low,high,5more,more,big,med,acc,1,0,3,2,0,2
1511,low,high,5more,more,big,high,vgood,1,0,3,2,0,0
1512,low,med,2,2,small,low,unacc,1,2,0,0,2,1
1513,low,med,2,2,small,med,unacc,1,2,0,0,2,2
1514,low,med,2,2,small,high,unacc,1,2,0,0,2,0
1515,low,med,2,2,med,low,unacc,1,2,0,0,1,1
1516,low,med,2,2,med,med,unacc,1,2,0,0,1,2
1517,low,med,2,2,med,high,unacc,1,2,0,0,1,0
1518,low,med,2,2,big,low,unacc,1,2,0,0,0,1
1519,low,med,2,2,big,med,unacc,1,2,0,0,0,2
1520,low,med,2,2,big,high,unacc,1,2,0,0,0,0
1521,low,med,2,4,small,low,unacc,1,2,0,1,2,1
1522,low,med,2,4,small,med,acc,1,2,0,1,2,2
1523,low,med,2,4,small,high,good,1,2,0,1,2,0
1524,low,med,2,4,med,low,unacc,1,2,0,1,1,1
1525,low,med,2,4,med,med,acc,1,2,0,1,1,2
1526,low,med,2,4,med,high,good,1,2,0,1,1,0
1527,low,med,2,4,big,low,unacc,1,2,0,1,0,1
1528,low,med,2,4,big,med,good,1,2,0,1,0,2
1529,low,med,2,4,big,high,vgood,1,2,0,1,0,0
1530,low,med,2,more,small,low,unacc,1,2,0,2,2,1
1531,low,med,2,more,small,med,unacc,1,2,0,2,2,2
1532,low,med,2,more,small,high,unacc,1,2,0,2,2,0
1533,low,med,2,more,med,low,unacc,1,2,0,2,1,1
1534,low,med,2,more,med,med,acc,1,2,0,2,1,2
1535,low,med,2,more,med,high,good,1,2,0,2,1,0
1536,low,med,2,more,big,low,unacc,1,2,0,2,0,1
1537,low,med,2,more,big,med,good,1,2,0,2,0,2
1538,low,med,2,more,big,high,vgood,1,2,0,2,0,0
1539,low,med,3,2,small,low,unacc,1,2,1,0,2,1
1540,low,med,3,2,small,med,unacc,1,2,1,0,2,2
1541,low,med,3,2,small,high,unacc,1,2,1,0,2,0
1542,low,med,3,2,med,low,unacc,1,2,1,0,1,1
1543,low,med,3,2,med,med,unacc,1,2,1,0,1,2
1544,low,med,3,2,med,high,unacc,1,2,1,0,1,0
1545,low,med,3,2,big,low,unacc,1,2,1,0,0,1
1546,low,med,3,2,big,med,unacc,1,2,1,0,0,2
1547,low,med,3,2,big,high,unacc,1,2,1,0,0,0
1548,low,med,3,4,small,low,unacc,1,2,1,1,2,1
1549,low,med,3,4,small,med,acc,1,2,1,1,2,2
1550,low,med,3,4,small,high,good,1,2,1,1,2,0
1551,low,med,3,4,med,low,unacc,1,2,1,1,1,1
1552,low,med,3,4,med,med,acc,1,2,1,1,1,2
1553,low,med,3,4,med,high,good,1,2,1,1,1,0
1554,low,med,3,4,big,low,unacc,1,2,1,1,0,1
1555,low,med,3,4,big,med,good,1,2,1,1,0,2
1556,low,med,3,4,big,high,vgood,1,2,1,1,0,0
1557,low,med,3,more,small,low,unacc,1,2,1,2,2,1
1558,low,med,3,more,small,med,acc,1,2,1,2,2,2
1559,low,med,3,more,small,high,good,1,2,1,2,2,0
1560,low,med,3,more,med,low,unacc,1,2,1,2,1,1
1561,low,med,3,more,med,med,good,1,2,1,2,1,2
1562,low,med,3,more,med,high,vgood,1,2,1,2,1,0
1563,low,med,3,more,big,low,unacc,1,2,1,2,0,1
1564,low,med,3,more,big,med,good,1,2,1,2,0,2
1565,low,med,3,more,big,high,vgood,1,2,1,2,0,0
1566,low,med,4,2,small,low,unacc,1,2,2,0,2,1
1567,low,med,4,2,small,med,unacc,1,2,2,0,2,2
1568,low,med,4,2,small,high,unacc,1,2,2,0,2,0
1569,low,med,4,2,med,low,unacc,1,2,2,0,1,1
1570,low,med,4,2,med,med,unacc,1,2,2,0,1,2
1571,low,med,4,2,med,high,unacc,1,2,2,0,1,0
1572,low,med,4,2,big,low,unacc,1,2,2,0,0,1
1573,low,med,4,2,big,med,unacc,1,2,2,0,0,2
1574,low,med,4,2,big,high,unacc,1,2,2,0,0,0
1575,low,med,4,4,small,low,unacc,1,2,2,1,2,1
1576,low,med,4,4,small,med,acc,1,2,2,1,2,2
1577,low,med,4,4,small,high,good,1,2,2,1,2,0
1578,low,med,4,4,med,low,unacc,1,2,2,1,1,1
1579,low,med,4,4,med,med,good,1,2,2,1,1,2
1580,low,med,4,4,med,high,vgood,1,2,2,1,1,0
1581,low,med,4,4,big,low,unacc,1,2,2,1,0,1
1582,low,med,4,4,big,med,good,1,2,2,1,0,2
1583,low,med,4,4,big,high,vgood,1,2,2,1,0,0
1584,low,med,4,more,small,low,unacc,1,2,2,2,2,1
1585,low,med,4,more,small,med,acc,1,2,2,2,2,2
1586,low,med,4,more,small,high,good,1,2,2,2,2,0
1587,low,med,4,more,med,low,unacc,1,2,2,2,1,1
1588,low,med,4,more,med,med,good,1,2,2,2,1,2
1589,low,med,4,more,med,high,vgood,1,2,2,2,1,0
1590,low,med,4,more,big,low,unacc,1,2,2,2,0,1
1591,low,med,4,more,big,med,good,1,2,2,2,0,2
1592,low,med,4,more,big,high,vgood,1,2,2,2,0,0
1593,low,med,5more,2,small,low,unacc,1,2,3,0,2,1
1594,low,med,5more,2,small,med,unacc,1,2,3,0,2,2
1595,low,med,5more,2,small,high,unacc,1,2,3,0,2,0
1596,low,med,5more,2,med,low,unacc,1,2,3,0,1,1
1597,low,med,5more,2,med,med,unacc,1,2,3,0,1,2
1598,low,med,5more,2,med,high,unacc,1,2,3,0,1,0
1599,low,med,5more,2,big,low,unacc,1,2,3,0,0,1
1600,low,med,5more,2,big,med,unacc,1,2,3,0,0,2
1601,low,med,5more,2,big,high,unacc,1,2,3,0,0,0
1602,low,med,5more,4,small,low,unacc,1,2,3,1,2,1
1603,low,med,5more,4,small,med,acc,1,2,3,1,2,2
1604,low,med,5more,4,small,high,good,1,2,3,1,2,0
1605,low,med,5more,4,med,low,unacc,1,2,3,1,1,1
1606,low,med,5more,4,med,med,good,1,2,3,1,1,2
1607,low,med,5more,4,med,high,vgood,1,2,3,1,1,0
1608,low,med,5more,4,big,low,unacc,1,2,3,1,0,1
1609,low,med,5more,4,big,med,good,1,2,3,1,0,2
1610,low,med,5more,4,big,high,vgood,1,2,3,1,0,0
1611,low,med,5more,more,small,low,unacc,1,2,3,2,2,1
1612,low,med,5more,more,small,med,acc,1,2,3,2,2,2
1613,low,med,5more,more,small,high,good,1,2,3,2,2,0
1614,low,med,5more,more,med,low,unacc,1,2,3,2,1,1
1615,low,med,5more,more,med,med,good,1,2,3,2,1,2
1616,low,med,5more,more,med,high,vgood,1,2,3,2,1,0
1617,low,med,5more,more,big,low,unacc,1,2,3,2,0,1
1618,low,med,5more,more,big,med,good,1,2,3,2,0,2
1619,low,med,5more,more,big,high,vgood,1,2,3,2,0,0
1620,low,low,2,2,small,low,unacc,1,1,0,0,2,1
1621,low,low,2,2,small,med,unacc,1,1,0,0,2,2
1622,low,low,2,2,small,high,unacc,1,1,0,0,2,0
1623,low,low,2,2,med,low,unacc,1,1,0,0,1,1
1624,low,low,2,2,med,med,unacc,1,1,0,0,1,2
1625,low,low,2,2,med,high,unacc,1,1,0,0,1,0
1626,low,low,2,2,big,low,unacc,1,1,0,0,0,1
1627,low,low,2,2,big,med,unacc,1,1,0,0,0,2
1628,low,low,2,2,big,high,unacc,1,1,0,0,0,0
1629,low,low,2,4,small,low,unacc,1,1,0,1,2,1
1630,low,low,2,4,small,med,acc,1,1,0,1,2,2
1631,low,low,2,4,small,high,good,1,1,0,1,2,0
1632,low,low,2,4,med,low,unacc,1,1,0,1,1,1
1633,low,low,2,4,med,med,acc,1,1,0,1,1,2
1634,low,low,2,4,med,high,good,1,1,0,1,1,0
1635,low,low,2,4,big,low,unacc,1,1,0,1,0,1
1636,low,low,2,4,big,med,good,1,1,0,1,0,2
1637,low,low,2,4,big,high,vgood,1,1,0,1,0,0
1638,low,low,2,more,small,low,unacc,1,1,0,2,2,1
1639,low,low,2,more,small,med,unacc,1,1,0,2,2,2
1640,low,low,2,more,small,high,unacc,1,1,0,2,2,0
1641,low,low,2,more,med,low,unacc,1,1,0,2,1,1
1642,low,low,2,more,med,med,acc,1,1,0,2,1,2
1643,low,low,2,more,med,high,good,1,1,0,2,1,0
1644,low,low,2,more,big,low,unacc,1,1,0,2,0,1
1645,low,low,2,more,big,med,good,1,1,0,2,0,2
1646,low,low,2,more,big,high,vgood,1,1,0,2,0,0
1647,low,low,3,2,small,low,unacc,1,1,1,0,2,1
1648,low,low,3,2,small,med,unacc,1,1,1,0,2,2
1649,low,low,3,2,small,high,unacc,1,1,1,0,2,0
1650,low,low,3,2,med,low,unacc,1,1,1,0,1,1
1651,low,low,3,2,med,med,unacc,1,1,1,0,1,2
1652,low,low,3,2,med,high,unacc,1,1,1,0,1,0
1653,low,low,3,2,big,low,unacc,1,1,1,0,0,1
1654,low,low,3,2,big,med,unacc,1,1,1,0,0,2
1655,low,low,3,2,big,high,unacc,1,1,1,0,0,0
1656,low,low,3,4,small,low,unacc,1,1,1,1,2,1
1657,low,low,3,4,small,med,acc,1,1,1,1,2,2
1658,low,low,3,4,small,high,good,1,1,1,1,2,0
1659,low,low,3,4,med,low,unacc,1,1,1,1,1,1
1660,low,low,3,4,med,med,acc,1,1,1,1,1,2
1661,low,low,3,4,med,high,good,1,1,1,1,1,0
1662,low,low,3,4,big,low,unacc,1,1,1,1,0,1
1663,low,low,3,4,big,med,good,1,1,1,1,0,2
1664,low,low,3,4,big,high,vgood,1,1,1,1,0,0
1665,low,low,3,more,small,low,unacc,1,1,1,2,2,1
1666,low,low,3,more,small,med,acc,1,1,1,2,2,2
1667,low,low,3,more,small,high,good,1,1,1,2,2,0
1668,low,low,3,more,med,low,unacc,1,1,1,2,1,1
1669,low,low,3,more,med,med,good,1,1,1,2,1,2
1670,low,low,3,more,med,high,vgood,1,1,1,2,1,0
1671,low,low,3,more,big,low,unacc,1,1,1,2,0,1
1672,low,low,3,more,big,med,good,1,1,1,2,0,2
1673,low,low,3,more,big,high,vgood,1,1,1,2,0,0
1674,low,low,4,2,small,low,unacc,1,1,2,0,2,1
1675,low,low,4,2,small,med,unacc,1,1,2,0,2,2
1676,low,low,4,2,small,high,unacc,1,1,2,0,2,0
1677,low,low,4,2,med,low,unacc,1,1,2,0,1,1
1678,low,low,4,2,med,med,unacc,1,1,2,0,1,2
1679,low,low,4,2,med,high,unacc,1,1,2,0,1,0
1680,low,low,4,2,big,low,unacc,1,1,2,0,0,1
1681,low,low,4,2,big,med,unacc,1,1,2,0,0,2
1682,low,low,4,2,big,high,unacc,1,1,2,0,0,0
1683,low,low,4,4,small,low,unacc,1,1,2,1,2,1
1684,low,low,4,4,small,med,acc,1,1,2,1,2,2
1685,low,low,4,4,small,high,good,1,1,2,1,2,0
1686,low,low,4,4,med,low,unacc,1,1,2,1,1,1
1687,low,low,4,4,med,med,good,1,1,2,1,1,2
1688,low,low,4,4,med,high,vgood,1,1,2,1,1,0
1689,low,low,4,4,big,low,unacc,1,1,2,1,0,1
1690,low,low,4,4,big,med,good,1,1,2,1,0,2
1691,low,low,4,4,big,high,vgood,1,1,2,1,0,0
1692,low,low,4,more,small,low,unacc,1,1,2,2,2,1
1693,low,low,4,more,small,med,acc,1,1,2,2,2,2
1694,low,low,4,more,small,high,good,1,1,2,2,2,0
1695,low,low,4,more,med,low,unacc,1,1,2,2,1,1
1696,low,low,4,more,med,med,good,1,1,2,2,1,2
1697,low,low,4,more,med,high,vgood,1,1,2,2,1,0
1698,low,low,4,more,big,low,unacc,1,1,2,2,0,1
1699,low,low,4,more,big,med,good,1,1,2,2,0,2
1700,low,low,4,more,big,high,vgood,1,1,2,2,0,0
1701,low,low,5more,2,small,low,unacc,1,1,3,0,2,1
1702,low,low,5more,2,small,med,unacc,1,1,3,0,2,2
1703,low,low,5more,2,small,high,unacc,1,1,3,0,2,0
1704,low,low,5more,2,med,low,unacc,1,1,3,0,1,1
1705,low,low,5more,2,med,med,unacc,1,1,3,0,1,2
1706,low,low,5more,2,med,high,unacc,1,1,3,0,1,0
1707,low,low,5more,2,big,low,unacc,1,1,3,0,0,1
1708,low,low,5more,2,big,med,unacc,1,1,3,0,0,2
1709,low,low,5more,2,big,high,unacc,1,1,3,0,0,0
1710,low,low,5more,4,small,low,unacc,1,1,3,1,2,1
1711,low,low,5more,4,small,med,acc,1,1,3,1,2,2
1712,low,low,5more,4,small,high,good,1,1,3,1,2,0
1713,low,low,5more,4,med,low,unacc,1,1,3,1,1,1
1714,low,low,5more,4,med,med,good,1,1,3,1,1,2
1715,low,low,5more,4,med,high,vgood,1,1,3,1,1,0
1716,low,low,5more,4,big,low,unacc,1,1,3,1,0,1
1717,low,low,5more,4,big,med,good,1,1,3,1,0,2
1718,low,low,5more,4,big,high,vgood,1,1,3,1,0,0
1719,low,low,5more,more,small,low,unacc,1,1,3,2,2,1
1720,low,low,5more,more,small,med,acc,1,1,3,2,2,2
1721,low,low,5more,more,small,high,good,1,1,3,2,2,0
1722,low,low,5more,more,med,low,unacc,1,1,3,2,1,1
1723,low,low,5more,more,med,med,good,1,1,3,2,1,2
1724,low,low,5more,more,med,high,vgood,1,1,3,2,1,0
1725,low,low,5more,more,big,low,unacc,1,1,3,2,0,1
1726,low,low,5more,more,big,med,good,1,1,3,2,0,2
1727,low,low,5more,more,big,high,vgood,1,1,3,2,0,0
