,buying,maint,doors,persons,lug_boot,safety,class,Buying_1,Maint_1,doors_1,persons_1,lug_boot_1,safety_1,predicted
0,vhigh,vhigh,2,2,small,low,unacc,3,3,0,0,2,1,unacc
1,vhigh,vhigh,2,2,small,med,unacc,3,3,0,0,2,2,unacc
2,vhigh,vhigh,2,2,small,high,unacc,3,3,0,0,2,0,unacc
3,vhigh,vhigh,2,2,med,low,unacc,3,3,0,0,1,1,unacc
4,vhigh,vhigh,2,2,med,med,unacc,3,3,0,0,1,2,unacc
5,vhigh,vhigh,2,2,med,high,unacc,3,3,0,0,1,0,unacc
6,vhigh,vhigh,2,2,big,low,unacc,3,3,0,0,0,1,unacc
7,vhigh,vhigh,2,2,big,med,unacc,3,3,0,0,0,2,unacc
8,vhigh,vhigh,2,2,big,high,unacc,3,3,0,0,0,0,unacc
9,vhigh,vhigh,2,4,small,low,unacc,3,3,0,1,2,1,unacc
10,vhigh,vhigh,2,4,small,med,unacc,3,3,0,1,2,2,unacc
11,vhigh,vhigh,2,4,small,high,unacc,3,3,0,1,2,0,unacc
12,vhigh,vhigh,2,4,med,low,unacc,3,3,0,1,1,1,unacc
13,vhigh,vhigh,2,4,med,med,unacc,3,3,0,1,1,2,unacc
14,vhigh,vhigh,2,4,med,high,unacc,3,3,0,1,1,0,unacc
15,vhigh,vhigh,2,4,big,low,unacc,3,3,0,1,0,1,unacc
16,vhigh,vhigh,2,4,big,med,unacc,3,3,0,1,0,2,unacc
17,vhigh,vhigh,2,4,big,high,unacc,3,3,0,1,0,0,unacc
18,vhigh,vhigh,2,more,small,low,unacc,3,3,0,2,2,1,unacc
19,vhigh,vhigh,2,more,small,med,unacc,3,3,0,2,2,2,unacc
20,vhigh,vhigh,2,more,small,high,unacc,3,3,0,2,2,0,unacc
21,vhigh,vhigh,2,more,med,low,unacc,3,3,0,2,1,1,unacc
22,vhigh,vhigh,2,more,med,med,unacc,3,3,0,2,1,2,unacc
23,vhigh,vhigh,2,more,med,high,unacc,3,3,0,2,1,0,unacc
24,vhigh,vhigh,2,more,big,low,unacc,3,3,0,2,0,1,unacc
25,vhigh,vhigh,2,more,big,med,unacc,3,3,0,2,0,2,unacc
26,vhigh,vhigh,2,more,big,high,unacc,3,3,0,2,0,0,unacc
27,vhigh,vhigh,3,2,small,low,unacc,3,3,1,0,2,1,unacc
28,vhigh,vhigh,3,2,small,med,unacc,3,3,1,0,2,2,unacc
29,vhigh,vhigh,3,2,small,high,unacc,3,3,1,0,2,0,unacc
30,vhigh,vhigh,3,2,med,low,unacc,3,3,1,0,1,1,unacc
31,vhigh,vhigh,3,2,med,med,unacc,3,3,1,0,1,2,unacc
32,vhigh,vhigh,3,2,med,high,unacc,3,3,1,0,1,0,unacc
33,vhigh,vhigh,3,2,big,low,unacc,3,3,1,0,0,1,unacc
34,vhigh,vhigh,3,2,big,med,unacc,3,3,1,0,0,2,unacc
35,vhigh,vhigh,3,2,big,high,unacc,3,3,1,0,0,0,unacc
36,vhigh,vhigh,3,4,small,low,unacc,3,3,1,1,2,1,unacc
37,vhigh,vhigh,3,4,small,med,unacc,3,3,1,1,2,2,unacc
38,vhigh,vhigh,3,4,small,high,unacc,3,3,1,1,2,0,unacc
39,vhigh,vhigh,3,4,med,low,unacc,3,3,1,1,1,1,unacc
40,vhigh,vhigh,3,4,med,med,unacc,3,3,1,1,1,2,unacc
41,vhigh,vhigh,3,4,med,high,unacc,3,3,1,1,1,0,unacc
42,vhigh,vhigh,3,4,big,low,unacc,3,3,1,1,0,1,unacc
43,vhigh,vhigh,3,4,big,med,unacc,3,3,1,1,0,2,unacc
44,vhigh,vhigh,3,4,big,high,unacc,3,3,1,1,0,0,unacc
45,vhigh,vhigh,3,more,small,low,unacc,3,3,1,2,2,1,unacc
46,vhigh,vhigh,3,more,small,med,unacc,3,3,1,2,2,2,unacc
47,vhigh,vhigh,3,more,small,high,unacc,3,3,1,2,2,0,unacc
48,vhigh,vhigh,3,more,med,low,unacc,3,3,1,2,1,1,unacc
49,vhigh,vhigh,3,more,med,med,unacc,3,3,1,2,1,2,unacc
50,vhigh,vhigh,3,more,med,high,unacc,3,3,1,2,1,0,unacc
51,vhigh,vhigh,3,more,big,low,unacc,3,3,1,2,0,1,unacc
52,vhigh,vhigh,3,more,big,med,unacc,3,3,1,2,0,2,unacc
53,vhigh,vhigh,3,more,big,high,unacc,3,3,1,2,0,0,unacc
54,vhigh,vhigh,4,2,small,low,unacc,3,3,2,0,2,1,unacc
55,vhigh,vhigh,4,2,small,med,unacc,3,3,2,0,2,2,unacc
56,vhigh,vhigh,4,2,small,high,unacc,3,3,2,0,2,0,unacc
57,vhigh,vhigh,4,2,med,low,unacc,3,3,2,0,1,1,unacc
58,vhigh,vhigh,4,2,med,med,unacc,3,3,2,0,1,2,unacc
59,vhigh,vhigh,4,2,med,high,unacc,3,3,2,0,1,0,unacc
60,vhigh,vhigh,4,2,big,low,unacc,3,3,2,0,0,1,unacc
61,vhigh,vhigh,4,2,big,med,unacc,3,3,2,0,0,2,unacc
62,vhigh,vhigh,4,2,big,high,unacc,3,3,2,0,0,0,unacc
63,vhigh,vhigh,4,4,small,low,unacc,3,3,2,1,2,1,unacc
64,vhigh,vhigh,4,4,small,med,unacc,3,3,2,1,2,2,unacc
65,vhigh,vhigh,4,4,small,high,unacc,3,3,2,1,2,0,unacc
66,vhigh,vhigh,4,4,med,low,unacc,3,3,2,1,1,1,unacc
67,vhigh,vhigh,4,4,med,med,unacc,3,3,2,1,1,2,unacc
68,vhigh,vhigh,4,4,med,high,unacc,3,3,2,1,1,0,unacc
69,vhigh,vhigh,4,4,big,low,unacc,3,3,2,1,0,1,unacc
70,vhigh,vhigh,4,4,big,med,unacc,3,3,2,1,0,2,unacc
71,vhigh,vhigh,4,4,big,high,unacc,3,3,2,1,0,0,unacc
72,vhigh,vhigh,4,more,small,low,unacc,3,3,2,2,2,1,unacc
73,vhigh,vhigh,4,more,small,med,unacc,3,3,2,2,2,2,unacc
74,vhigh,vhigh,4,more,small,high,unacc,3,3,2,2,2,0,unacc
75,vhigh,vhigh,4,more,med,low,unacc,3,3,2,2,1,1,unacc
76,vhigh,vhigh,4,more,med,med,unacc,3,3,2,2,1,2,unacc
77,vhigh,vhigh,4,more,med,high,unacc,3,3,2,2,1,0,unacc
78,vhigh,vhigh,4,more,big,low,unacc,3,3,2,2,0,1,unacc
79,vhigh,vhigh,4,more,big,med,unacc,3,3,2,2,0,2,unacc
80,vhigh,vhigh,4,more,big,high,unacc,3,3,2,2,0,0,unacc
81,vhigh,vhigh,5more,2,small,low,unacc,3,3,3,0,2,1,unacc
82,vhigh,vhigh,5more,2,small,med,unacc,3,3,3,0,2,2,unacc
83,vhigh,vhigh,5more,2,small,high,unacc,3,3,3,0,2,0,unacc
84,vhigh,vhigh,5more,2,med,low,unacc,3,3,3,0,1,1,unacc
85,vhigh,vhigh,5more,2,med,med,unacc,3,3,3,0,1,2,unacc
86,vhigh,vhigh,5more,2,med,high,unacc,3,3,3,0,1,0,unacc
87,vhigh,vhigh,5more,2,big,low,unacc,3,3,3,0,0,1,unacc
88,vhigh,vhigh,5more,2,big,med,unacc,3,3,3,0,0,2,unacc
89,vhigh,vhigh,5more,2,big,high,unacc,3,3,3,0,0,0,unacc
90,vhigh,vhigh,5more,4,small,low,unacc,3,3,3,1,2,1,unacc
91,vhigh,vhigh,5more,4,small,med,unacc,3,3,3,1,2,2,unacc
92,vhigh,vhigh,5more,4,small,high,unacc,3,3,3,1,2,0,unacc
93,vhigh,vhigh,5more,4,med,low,unacc,3,3,3,1,1,1,unacc
94,vhigh,vhigh,5more,4,med,med,unacc,3,3,3,1,1,2,unacc
95,vhigh,vhigh,5more,4,med,high,unacc,3,3,3,1,1,0,unacc
96,vhigh,vhigh,5more,4,big,low,unacc,3,3,3,1,0,1,unacc
97,vhigh,vhigh,5more,4,big,med,unacc,3,3,3,1,0,2,unacc
98,vhigh,vhigh,5more,4,big,high,unacc,3,3,3,1,0,0,unacc
99,vhigh,vhigh,5more,more,small,low,unacc,3,3,3,2,2,1,unacc
100,vhigh,vhigh,5more,more,small,med,unacc,3,3,3,2,2,2,unacc
101,vhigh,vhigh,5more,more,small,high,unacc,3,3,3,2,2,0,unacc
102,vhigh,vhigh,5more,more,med,low,unacc,3,3,3,2,1,1,unacc
103,vhigh,vhigh,5more,more,med,med,unacc,3,3,3,2,1,2,unacc
104,vhigh,vhigh,5more,more,med,high,unacc,3,3,3,2,1,0,unacc
105,vhigh,vhigh,5more,more,big,low,unacc,3,3,3,2,0,1,unacc
106,vhigh,vhigh,5more,more,big,med,unacc,3,3,3,2,0,2,acc
107,vhigh,vhigh,5more,more,big,high,unacc,3,3,3,2,0,0,unacc
108,vhigh,high,2,2,small,low,unacc,3,0,0,0,2,1,unacc
109,vhigh,high,2,2,small,med,unacc,3,0,0,0,2,2,unacc
110,vhigh,high,2,2,small,high,unacc,3,0,0,0,2,0,unacc
111,vhigh,high,2,2,med,low,unacc,3,0,0,0,1,1,unacc
112,vhigh,high,2,2,med,med,unacc,3,0,0,0,1,2,unacc
113,vhigh,high,2,2,med,high,unacc,3,0,0,0,1,0,unacc
114,vhigh,high,2,2,big,low,unacc,3,0,0,0,0,1,unacc
115,vhigh,high,2,2,big,med,unacc,3,0,0,0,0,2,unacc
116,vhigh,high,2,2,big,high,unacc,3,0,0,0,0,0,unacc
117,vhigh,high,2,4,small,low,unacc,3,0,0,1,2,1,unacc
118,vhigh,high,2,4,small,med,unacc,3,0,0,1,2,2,unacc
119,vhigh,high,2,4,small,high,unacc,3,0,0,1,2,0,unacc
120,vhigh,high,2,4,med,low,unacc,3,0,0,1,1,1,unacc
121,vhigh,high,2,4,med,med,unacc,3,0,0,1,1,2,unacc
122,vhigh,high,2,4,med,high,unacc,3,0,0,1,1,0,unacc
123,vhigh,high,2,4,big,low,unacc,3,0,0,1,0,1,unacc
124,vhigh,high,2,4,big,med,unacc,3,0,0,1,0,2,unacc
125,vhigh,high,2,4,big,high,unacc,3,0,0,1,0,0,unacc
126,vhigh,high,2,more,small,low,unacc,3,0,0,2,2,1,unacc
127,vhigh,high,2,more,small,med,unacc,3,0,0,2,2,2,unacc
128,vhigh,high,2,more,small,high,unacc,3,0,0,2,2,0,unacc
129,vhigh,high,2,more,med,low,unacc,3,0,0,2,1,1,unacc
130,vhigh,high,2,more,med,med,unacc,3,0,0,2,1,2,unacc
131,vhigh,high,2,more,med,high,unacc,3,0,0,2,1,0,unacc
132,vhigh,high,2,more,big,low,unacc,3,0,0,2,0,1,unacc
133,vhigh,high,2,more,big,med,unacc,3,0,0,2,0,2,unacc
134,vhigh,high,2,more,big,high,unacc,3,0,0,2,0,0,unacc
135,vhigh,high,3,2,small,low,unacc,3,0,1,0,2,1,unacc
136,vhigh,high,3,2,small,med,unacc,3,0,1,0,2,2,unacc
137,vhigh,high,3,2,small,high,unacc,3,0,1,0,2,0,unacc
138,vhigh,high,3,2,med,low,unacc,3,0,1,0,1,1,unacc
139,vhigh,high,3,2,med,med,unacc,3,0,1,0,1,2,unacc
140,vhigh,high,3,2,med,high,unacc,3,0,1,0,1,0,unacc
141,vhigh,high,3,2,big,low,unacc,3,0,1,0,0,1,unacc
142,vhigh,high,3,2,big,med,unacc,3,0,1,0,0,2,unacc
143,vhigh,high,3,2,big,high,unacc,3,0,1,0,0,0,unacc
144,vhigh,high,3,4,small,low,unacc,3,0,1,1,2,1,unacc
145,vhigh,high,3,4,small,med,unacc,3,0,1,1,2,2,unacc
146,vhigh,high,3,4,small,high,unacc,3,0,1,1,2,0,unacc
147,vhigh,high,3,4,med,low,unacc,3,0,1,1,1,1,unacc
148,vhigh,high,3,4,med,med,unacc,3,0,1,1,1,2,unacc
149,vhigh,high,3,4,med,high,unacc,3,0,1,1,1,0,unacc
150,vhigh,high,3,4,big,low,unacc,3,0,1,1,0,1,unacc
151,vhigh,high,3,4,big,med,unacc,3,0,1,1,0,2,unacc
152,vhigh,high,3,4,big,high,unacc,3,0,1,1,0,0,unacc
153,vhigh,high,3,more,small,low,unacc,3,0,1,2,2,1,unacc
154,vhigh,high,3,more,small,med,unacc,3,0,1,2,2,2,unacc
155,vhigh,high,3,more,small,high,unacc,3,0,1,2,2,0,unacc
156,vhigh,high,3,more,med,low,unacc,3,0,1,2,1,1,unacc
157,vhigh,high,3,more,med,med,unacc,3,0,1,2,1,2,unacc
158,vhigh,high,3,more,med,high,unacc,3,0,1,2,1,0,unacc
159,vhigh,high,3,more,big,low,unacc,3,0,1,2,0,1,unacc
160,vhigh,high,3,more,big,med,unacc,3,0,1,2,0,2,unacc
161,vhigh,high,3,more,big,high,unacc,3,0,1,2,0,0,unacc
162,vhigh,high,4,2,small,low,unacc,3,0,2,0,2,1,unacc
163,vhigh,high,4,2,small,med,unacc,3,0,2,0,2,2,unacc
164,vhigh,high,4,2,small,high,unacc,3,0,2,0,2,0,unacc
165,vhigh,high,4,2,med,low,unacc,3,0,2,0,1,1,unacc
166,vhigh,high,4,2,med,med,unacc,3,0,2,0,1,2,unacc
167,vhigh,high,4,2,med,high,unacc,3,0,2,0,1,0,unacc
168,vhigh,high,4,2,big,low,unacc,3,0,2,0,0,1,unacc
169,vhigh,high,4,2,big,med,unacc,3,0,2,0,0,2,unacc
170,vhigh,high,4,2,big,high,unacc,3,0,2,0,0,0,unacc
171,vhigh,high,4,4,small,low,unacc,3,0,2,1,2,1,unacc
172,vhigh,high,4,4,small,med,unacc,3,0,2,1,2,2,unacc
173,vhigh,high,4,4,small,high,unacc,3,0,2,1,2,0,unacc
174,vhigh,high,4,4,med,low,unacc,3,0,2,1,1,1,unacc
175,vhigh,high,4,4,med,med,unacc,3,0,2,1,1,2,unacc
176,vhigh,high,4,4,med,high,unacc,3,0,2,1,1,0,unacc
177,vhigh,high,4,4,big,low,unacc,3,0,2,1,0,1,unacc
178,vhigh,high,4,4,big,med,unacc,3,0,2,1,0,2,unacc
179,vhigh,high,4,4,big,high,unacc,3,0,2,1,0,0,unacc
180,vhigh,high,4,more,small,low,unacc,3,0,2,2,2,1,unacc
181,vhigh,high,4,more,small,med,unacc,3,0,2,2,2,2,unacc
182,vhigh,high,4,more,small,high,unacc,3,0,2,2,2,0,unacc
183,vhigh,high,4,more,med,low,unacc,3,0,2,2,1,1,unacc
184,vhigh,high,4,more,med,med,unacc,3,0,2,2,1,2,unacc
185,vhigh,high,4,more,med,high,unacc,3,0,2,2,1,0,unacc
186,vhigh,high,4,more,big,low,unacc,3,0,2,2,0,1,unacc
187,vhigh,high,4,more,big,med,unacc,3,0,2,2,0,2,unacc
188,vhigh,high,4,more,big,high,unacc,3,0,2,2,0,0,unacc
189,vhigh,high,5more,2,small,low,unacc,3,0,3,0,2,1,unacc
190,vhigh,high,5more,2,small,med,unacc,3,0,3,0,2,2,unacc
191,vhigh,high,5more,2,small,high,unacc,3,0,3,0,2,0,unacc
192,vhigh,high,5more,2,med,low,unacc,3,0,3,0,1,1,unacc
193,vhigh,high,5more,2,med,med,unacc,3,0,3,0,1,2,unacc
194,vhigh,high,5more,2,med,high,unacc,3,0,3,0,1,0,unacc
195,vhigh,high,5more,2,big,low,unacc,3,0,3,0,0,1,unacc
196,vhigh,high,5more,2,big,med,unacc,3,0,3,0,0,2,unacc
197,vhigh,high,5more,2,big,high,unacc,3,0,3,0,0,0,unacc
198,vhigh,high,5more,4,small,low,unacc,3,0,3,1,2,1,unacc
199,vhigh,high,5more,4,small,med,unacc,3,0,3,1,2,2,unacc
200,vhigh,high,5more,4,small,high,unacc,3,0,3,1,2,0,unacc
201,vhigh,high,5more,4,med,low,unacc,3,0,3,1,1,1,unacc
202,vhigh,high,5more,4,med,med,unacc,3,0,3,1,1,2,unacc
203,vhigh,high,5more,4,med,high,unacc,3,0,3,1,1,0,unacc
204,vhigh,high,5more,4,big,low,unacc,3,0,3,1,0,1,unacc
205,vhigh,high,5more,4,big,med,unacc,3,0,3,1,0,2,unacc
206,vhigh,high,5more,4,big,high,unacc,3,0,3,1,0,0,unacc
207,vhigh,high,5more,more,small,low,unacc,3,0,3,2,2,1,unacc
208,vhigh,high,5more,more,small,med,unacc,3,0,3,2,2,2,unacc
209,vhigh,high,5more,more,small,high,unacc,3,0,3,2,2,0,unacc
210,vhigh,high,5more,more,med,low,unacc,3,0,3,2,1,1,unacc
211,vhigh,high,5more,more,med,med,unacc,3,0,3,2,1,2,unacc
212,vhigh,high,5more,more,med,high,unacc,3,0,3,2,1,0,unacc
213,vhigh,high,5more,more,big,low,unacc,3,0,3,2,0,1,unacc
214,vhigh,high,5more,more,big,med,unacc,3,0,3,2,0,2,unacc
215,vhigh,high,5more,more,big,high,unacc,3,0,3,2,0,0,unacc
216,vhigh,med,2,2,small,low,unacc,3,2,0,0,2,1,unacc
217,vhigh,med,2,2,small,med,unacc,3,2,0,0,2,2,unacc
218,vhigh,med,2,2,small,high,unacc,3,2,0,0,2,0,unacc
219,vhigh,med,2,2,med,low,unacc,3,2,0,0,1,1,unacc
220,vhigh,med,2,2,med,med,unacc,3,2,0,0,1,2,unacc
221,vhigh,med,2,2,med,high,unacc,3,2,0,0,1,0,unacc
222,vhigh,med,2,2,big,low,unacc,3,2,0,0,0,1,unacc
223,vhigh,med,2,2,big,med,unacc,3,2,0,0,0,2,unacc
224,vhigh,med,2,2,big,high,unacc,3,2,0,0,0,0,unacc
225,vhigh,med,2,4,small,low,unacc,3,2,0,1,2,1,unacc
226,vhigh,med,2,4,small,med,unacc,3,2,0,1,2,2,unacc
227,vhigh,med,2,4,small,high,acc,3,2,0,1,2,0,acc
228,vhigh,med,2,4,med,low,unacc,3,2,0,1,1,1,unacc
229,vhigh,med,2,4,med,med,unacc,3,2,0,1,1,2,unacc
230,vhigh,med,2,4,med,high,acc,3,2,0,1,1,0,acc
231,vhigh,med,2,4,big,low,unacc,3,2,0,1,0,1,unacc
232,vhigh,med,2,4,big,med,acc,3,2,0,1,0,2,acc
233,vhigh,med,2,4,big,high,acc,3,2,0,1,0,0,acc
234,vhigh,med,2,more,small,low,unacc,3,2,0,2,2,1,unacc
235,vhigh,med,2,more,small,med,unacc,3,2,0,2,2,2,unacc
236,vhigh,med,2,more,small,high,unacc,3,2,0,2,2,0,acc
237,vhigh,med,2,more,med,low,unacc,3,2,0,2,1,1,unacc
238,vhigh,med,2,more,med,med,unacc,3,2,0,2,1,2,unacc
239,vhigh,med,2,more,med,high,acc,3,2,0,2,1,0,acc
240,vhigh,med,2,more,big,low,unacc,3,2,0,2,0,1,unacc
241,vhigh,med,2,more,big,med,acc,3,2,0,2,0,2,unacc
242,vhigh,med,2,more,big,high,acc,3,2,0,2,0,0,acc
243,vhigh,med,3,2,small,low,unacc,3,2,1,0,2,1,unacc
244,vhigh,med,3,2,small,med,unacc,3,2,1,0,2,2,unacc
245,vhigh,med,3,2,small,high,unacc,3,2,1,0,2,0,unacc
246,vhigh,med,3,2,med,low,unacc,3,2,1,0,1,1,unacc
247,vhigh,med,3,2,med,med,unacc,3,2,1,0,1,2,unacc
248,vhigh,med,3,2,med,high,unacc,3,2,1,0,1,0,unacc
249,vhigh,med,3,2,big,low,unacc,3,2,1,0,0,1,unacc
250,vhigh,med,3,2,big,med,unacc,3,2,1,0,0,2,unacc
251,vhigh,med,3,2,big,high,unacc,3,2,1,0,0,0,unacc
252,vhigh,med,3,4,small,low,unacc,3,2,1,1,2,1,unacc
253,vhigh,med,3,4,small,med,unacc,3,2,1,1,2,2,unacc
254,vhigh,med,3,4,small,high,acc,3,2,1,1,2,0,acc
255,vhigh,med,3,4,med,low,unacc,3,2,1,1,1,1,unacc
256,vhigh,med,3,4,med,med,unacc,3,2,1,1,1,2,unacc
257,vhigh,med,3,4,med,high,acc,3,2,1,1,1,0,acc
258,vhigh,med,3,4,big,low,unacc,3,2,1,1,0,1,unacc
259,vhigh,med,3,4,big,med,acc,3,2,1,1,0,2,acc
260,vhigh,med,3,4,big,high,acc,3,2,1,1,0,0,acc
261,vhigh,med,3,more,small,low,unacc,3,2,1,2,2,1,unacc
262,vhigh,med,3,more,small,med,unacc,3,2,1,2,2,2,unacc
263,vhigh,med,3,more,small,high,acc,3,2,1,2,2,0,acc
264,vhigh,med,3,more,med,low,unacc,3,2,1,2,1,1,unacc
265,vhigh,med,3,more,med,med,acc,3,2,1,2,1,2,unacc
266,vhigh,med,3,more,med,high,acc,3,2,1,2,1,0,acc
267,vhigh,med,3,more,big,low,unacc,3,2,1,2,0,1,unacc
268,vhigh,med,3,more,big,med,acc,3,2,1,2,0,2,acc
269,vhigh,med,3,more,big,high,acc,3,2,1,2,0,0,acc
270,vhigh,med,4,2,small,low,unacc,3,2,2,0,2,1,unacc
271,vhigh,med,4,2,small,med,unacc,3,2,2,0,2,2,unacc
272,vhigh,med,4,2,small,high,unacc,3,2,2,0,2,0,unacc
273,vhigh,med,4,2,med,low,unacc,3,2,2,0,1,1,unacc
274,vhigh,med,4,2,med,med,unacc,3,2,2,0,1,2,unacc
275,vhigh,med,4,2,med,high,unacc,3,2,2,0,1,0,unacc
276,vhigh,med,4,2,big,low,unacc,3,2,2,0,0,1,unacc
277,vhigh,med,4,2,big,med,unacc,3,2,2,0,0,2,unacc
278,vhigh,med,4,2,big,high,unacc,3,2,2,0,0,0,unacc
279,vhigh,med,4,4,small,low,unacc,3,2,2,1,2,1,unacc
280,vhigh,med,4,4,small,med,unacc,3,2,2,1,2,2,unacc
281,vhigh,med,4,4,small,high,acc,3,2,2,1,2,0,acc
282,vhigh,med,4,4,med,low,unacc,3,2,2,1,1,1,unacc
283,vhigh,med,4,4,med,med,acc,3,2,2,1,1,2,acc
284,vhigh,med,4,4,med,high,acc,3,2,2,1,1,0,unacc
285,vhigh,med,4,4,big,low,unacc,3,2,2,1,0,1,unacc
286,vhigh,med,4,4,big,med,acc,3,2,2,1,0,2,acc
287,vhigh,med,4,4,big,high,acc,3,2,2,1,0,0,acc
288,vhigh,med,4,more,small,low,unacc,3,2,2,2,2,1,unacc
289,vhigh,med,4,more,small,med,unacc,3,2,2,2,2,2,unacc
290,vhigh,med,4,more,small,high,acc,3,2,2,2,2,0,acc
291,vhigh,med,4,more,med,low,unacc,3,2,2,2,1,1,unacc
292,vhigh,med,4,more,med,med,acc,3,2,2,2,1,2,acc
293,vhigh,med,4,more,med,high,acc,3,2,2,2,1,0,acc
294,vhigh,med,4,more,big,low,unacc,3,2,2,2,0,1,unacc
295,vhigh,med,4,more,big,med,acc,3,2,2,2,0,2,acc
296,vhigh,med,4,more,big,high,acc,3,2,2,2,0,0,acc
297,vhigh,med,5more,2,small,low,unacc,3,2,3,0,2,1,unacc
298,vhigh,med,5more,2,small,med,unacc,3,2,3,0,2,2,unacc
299,vhigh,med,5more,2,small,high,unacc,3,2,3,0,2,0,unacc
300,vhigh,med,5more,2,med,low,unacc,3,2,3,0,1,1,unacc
301,vhigh,med,5more,2,med,med,unacc,3,2,3,0,1,2,unacc
302,vhigh,med,5more,2,med,high,unacc,3,2,3,0,1,0,unacc
303,vhigh,med,5more,2,big,low,unacc,3,2,3,0,0,1,unacc
304,vhigh,med,5more,2,big,med,unacc,3,2,3,0,0,2,unacc
305,vhigh,med,5more,2,big,high,unacc,3,2,3,0,0,0,unacc
306,vhigh,med,5more,4,small,low,unacc,3,2,3,1,2,1,unacc
307,vhigh,med,5more,4,small,med,unacc,3,2,3,1,2,2,unacc
308,vhigh,med,5more,4,small,high,acc,3,2,3,1,2,0,unacc
309,vhigh,med,5more,4,med,low,unacc,3,2,3,1,1,1,unacc
310,vhigh,med,5more,4,med,med,acc,3,2,3,1,1,2,acc
311,vhigh,med,5more,4,med,high,acc,3,2,3,1,1,0,acc
312,vhigh,med,5more,4,big,low,unacc,3,2,3,1,0,1,unacc
313,vhigh,med,5more,4,big,med,acc,3,2,3,1,0,2,acc
314,vhigh,med,5more,4,big,high,acc,3,2,3,1,0,0,acc
315,vhigh,med,5more,more,small,low,unacc,3,2,3,2,2,1,unacc
316,vhigh,med,5more,more,small,med,unacc,3,2,3,2,2,2,unacc
317,vhigh,med,5more,more,small,high,acc,3,2,3,2,2,0,acc
318,vhigh,med,5more,more,med,low,unacc,3,2,3,2,1,1,unacc
319,vhigh,med,5more,more,med,med,acc,3,2,3,2,1,2,acc
320,vhigh,med,5more,more,med,high,acc,3,2,3,2,1,0,acc
321,vhigh,med,5more,more,big,low,unacc,3,2,3,2,0,1,unacc
322,vhigh,med,5more,more,big,med,acc,3,2,3,2,0,2,acc
323,vhigh,med,5more,more,big,high,acc,3,2,3,2,0,0,acc
324,vhigh,low,2,2,small,low,unacc,3,1,0,0,2,1,unacc
325,vhigh,low,2,2,small,med,unacc,3,1,0,0,2,2,unacc
326,vhigh,low,2,2,small,high,unacc,3,1,0,0,2,0,unacc
327,vhigh,low,2,2,med,low,unacc,3,1,0,0,1,1,unacc
328,vhigh,low,2,2,med,med,unacc,3,1,0,0,1,2,unacc
329,vhigh,low,2,2,med,high,unacc,3,1,0,0,1,0,unacc
330,vhigh,low,2,2,big,low,unacc,3,1,0,0,0,1,unacc
331,vhigh,low,2,2,big,med,unacc,3,1,0,0,0,2,unacc
332,vhigh,low,2,2,big,high,unacc,3,1,0,0,0,0,unacc
333,vhigh,low,2,4,small,low,unacc,3,1,0,1,2,1,unacc
334,vhigh,low,2,4,small,med,unacc,3,1,0,1,2,2,unacc
335,vhigh,low,2,4,small,high,acc,3,1,0,1,2,0,acc
336,vhigh,low,2,4,med,low,unacc,3,1,0,1,1,1,unacc
337,vhigh,low,2,4,med,med,unacc,3,1,0,1,1,2,unacc
338,vhigh,low,2,4,med,high,acc,3,1,0,1,1,0,acc
339,vhigh,low,2,4,big,low,unacc,3,1,0,1,0,1,unacc
340,vhigh,low,2,4,big,med,acc,3,1,0,1,0,2,unacc
341,vhigh,low,2,4,big,high,acc,3,1,0,1,0,0,unacc
342,vhigh,low,2,more,small,low,unacc,3,1,0,2,2,1,unacc
343,vhigh,low,2,more,small,med,unacc,3,1,0,2,2,2,unacc
344,vhigh,low,2,more,small,high,unacc,3,1,0,2,2,0,unacc
345,vhigh,low,2,more,med,low,unacc,3,1,0,2,1,1,unacc
346,vhigh,low,2,more,med,med,unacc,3,1,0,2,1,2,unacc
347,vhigh,low,2,more,med,high,acc,3,1,0,2,1,0,acc
348,vhigh,low,2,more,big,low,unacc,3,1,0,2,0,1,unacc
349,vhigh,low,2,more,big,med,acc,3,1,0,2,0,2,acc
350,vhigh,low,2,more,big,high,acc,3,1,0,2,0,0,acc
351,vhigh,low,3,2,small,low,unacc,3,1,1,0,2,1,unacc
352,vhigh,low,3,2,small,med,unacc,3,1,1,0,2,2,unacc
353,vhigh,low,3,2,small,high,unacc,3,1,1,0,2,0,unacc
354,vhigh,low,3,2,med,low,unacc,3,1,1,0,1,1,unacc
355,vhigh,low,3,2,med,med,unacc,3,1,1,0,1,2,unacc
356,vhigh,low,3,2,med,high,unacc,3,1,1,0,1,0,unacc
357,vhigh,low,3,2,big,low,unacc,3,1,1,0,0,1,unacc
358,vhigh,low,3,2,big,med,unacc,3,1,1,0,0,2,unacc
359,vhigh,low,3,2,big,high,unacc,3,1,1,0,0,0,unacc
360,vhigh,low,3,4,small,low,unacc,3,1,1,1,2,1,unacc
361,vhigh,low,3,4,small,med,unacc,3,1,1,1,2,2,unacc
362,vhigh,low,3,4,small,high,acc,3,1,1,1,2,0,unacc
363,vhigh,low,3,4,med,low,unacc,3,1,1,1,1,1,unacc
364,vhigh,low,3,4,med,med,unacc,3,1,1,1,1,2,unacc
365,vhigh,low,3,4,med,high,acc,3,1,1,1,1,0,acc
366,vhigh,low,3,4,big,low,unacc,3,1,1,1,0,1,unacc
367,vhigh,low,3,4,big,med,acc,3,1,1,1,0,2,unacc
368,vhigh,low,3,4,big,high,acc,3,1,1,1,0,0,acc
369,vhigh,low,3,more,small,low,unacc,3,1,1,2,2,1,unacc
370,vhigh,low,3,more,small,med,unacc,3,1,1,2,2,2,unacc
371,vhigh,low,3,more,small,high,acc,3,1,1,2,2,0,unacc
372,vhigh,low,3,more,med,low,unacc,3,1,1,2,1,1,unacc
373,vhigh,low,3,more,med,med,acc,3,1,1,2,1,2,unacc
374,vhigh,low,3,more,med,high,acc,3,1,1,2,1,0,acc
375,vhigh,low,3,more,big,low,unacc,3,1,1,2,0,1,unacc
376,vhigh,low,3,more,big,med,acc,3,1,1,2,0,2,acc
377,vhigh,low,3,more,big,high,acc,3,1,1,2,0,0,acc
378,vhigh,low,4,2,small,low,unacc,3,1,2,0,2,1,unacc
379,vhigh,low,4,2,small,med,unacc,3,1,2,0,2,2,unacc
380,vhigh,low,4,2,small,high,unacc,3,1,2,0,2,0,unacc
381,vhigh,low,4,2,med,low,unacc,3,1,2,0,1,1,unacc
382,vhigh,low,4,2,med,med,unacc,3,1,2,0,1,2,unacc
383,vhigh,low,4,2,med,high,unacc,3,1,2,0,1,0,unacc
384,vhigh,low,4,2,big,low,unacc,3,1,2,0,0,1,unacc
385,vhigh,low,4,2,big,med,unacc,3,1,2,0,0,2,unacc
386,vhigh,low,4,2,big,high,unacc,3,1,2,0,0,0,unacc
387,vhigh,low,4,4,small,low,unacc,3,1,2,1,2,1,unacc
388,vhigh,low,4,4,small,med,unacc,3,1,2,1,2,2,unacc
389,vhigh,low,4,4,small,high,acc,3,1,2,1,2,0,acc
390,vhigh,low,4,4,med,low,unacc,3,1,2,1,1,1,unacc
391,vhigh,low,4,4,med,med,acc,3,1,2,1,1,2,unacc
392,vhigh,low,4,4,med,high,acc,3,1,2,1,1,0,acc
393,vhigh,low,4,4,big,low,unacc,3,1,2,1,0,1,unacc
394,vhigh,low,4,4,big,med,acc,3,1,2,1,0,2,acc
395,vhigh,low,4,4,big,high,acc,3,1,2,1,0,0,acc
396,vhigh,low,4,more,small,low,unacc,3,1,2,2,2,1,unacc
397,vhigh,low,4,more,small,med,unacc,3,1,2,2,2,2,unacc
398,vhigh,low,4,more,small,high,acc,3,1,2,2,2,0,acc
399,vhigh,low,4,more,med,low,unacc,3,1,2,2,1,1,unacc
400,vhigh,low,4,more,med,med,acc,3,1,2,2,1,2,acc
401,vhigh,low,4,more,med,high,acc,3,1,2,2,1,0,unacc
402,vhigh,low,4,more,big,low,unacc,3,1,2,2,0,1,unacc
403,vhigh,low,4,more,big,med,acc,3,1,2,2,0,2,acc
404,vhigh,low,4,more,big,high,acc,3,1,2,2,0,0,acc
405,vhigh,low,5more,2,small,low,unacc,3,1,3,0,2,1,unacc
406,vhigh,low,5more,2,small,med,unacc,3,1,3,0,2,2,unacc
407,vhigh,low,5more,2,small,high,unacc,3,1,3,0,2,0,unacc
408,vhigh,low,5more,2,med,low,unacc,3,1,3,0,1,1,unacc
409,vhigh,low,5more,2,med,med,unacc,3,1,3,0,1,2,unacc
410,vhigh,low,5more,2,med,high,unacc,3,1,3,0,1,0,unacc
411,vhigh,low,5more,2,big,low,unacc,3,1,3,0,0,1,unacc
412,vhigh,low,5more,2,big,med,unacc,3,1,3,0,0,2,unacc
413,vhigh,low,5more,2,big,high,unacc,3,1,3,0,0,0,unacc
414,vhigh,low,5more,4,small,low,unacc,3,1,3,1,2,1,unacc
415,vhigh,low,5more,4,small,med,unacc,3,1,3,1,2,2,unacc
416,vhigh,low,5more,4,small,high,acc,3,1,3,1,2,0,acc
417,vhigh,low,5more,4,med,low,unacc,3,1,3,1,1,1,unacc
418,vhigh,low,5more,4,med,med,acc,3,1,3,1,1,2,unacc
419,vhigh,low,5more,4,med,high,acc,3,1,3,1,1,0,acc
420,vhigh,low,5more,4,big,low,unacc,3,1,3,1,0,1,unacc
421,vhigh,low,5more,4,big,med,acc,3,1,3,1,0,2,unacc
422,vhigh,low,5more,4,big,high,acc,3,1,3,1,0,0,acc
423,vhigh,low,5more,more,small,low,unacc,3,1,3,2,2,1,unacc
424,vhigh,low,5more,more,small,med,unacc,3,1,3,2,2,2,unacc
425,vhigh,low,5more,more,small,high,acc,3,1,3,2,2,0,good
426,vhigh,low,5more,more,med,low,unacc,3,1,3,2,1,1,unacc
427,vhigh,low,5more,more,med,med,acc,3,1,3,2,1,2,acc
428,vhigh,low,5more,more,med,high,acc,3,1,3,2,1,0,acc
429,vhigh,low,5more,more,big,low,unacc,3,1,3,2,0,1,unacc
430,vhigh,low,5more,more,big,med,acc,3,1,3,2,0,2,acc
431,vhigh,low,5more,more,big,high,acc,3,1,3,2,0,0,acc
432,high,vhigh,2,2,small,low,unacc,0,3,0,0,2,1,unacc
433,high,vhigh,2,2,small,med,unacc,0,3,0,0,2,2,unacc
434,high,vhigh,2,2,small,high,unacc,0,3,0,0,2,0,unacc
435,high,vhigh,2,2,med,low,unacc,0,3,0,0,1,1,unacc
436,high,vhigh,2,2,med,med,unacc,0,3,0,0,1,2,unacc
437,high,vhigh,2,2,med,high,unacc,0,3,0,0,1,0,unacc
438,high,vhigh,2,2,big,low,unacc,0,3,0,0,0,1,unacc
439,high,vhigh,2,2,big,med,unacc,0,3,0,0,0,2,unacc
440,high,vhigh,2,2,big,high,unacc,0,3,0,0,0,0,unacc
441,high,vhigh,2,4,small,low,unacc,0,3,0,1,2,1,unacc
442,high,vhigh,2,4,small,med,unacc,0,3,0,1,2,2,unacc
443,high,vhigh,2,4,small,high,unacc,0,3,0,1,2,0,unacc
444,high,vhigh,2,4,med,low,unacc,0,3,0,1,1,1,unacc
445,high,vhigh,2,4,med,med,unacc,0,3,0,1,1,2,unacc
446,high,vhigh,2,4,med,high,unacc,0,3,0,1,1,0,unacc
447,high,vhigh,2,4,big,low,unacc,0,3,0,1,0,1,unacc
448,high,vhigh,2,4,big,med,unacc,0,3,0,1,0,2,unacc
449,high,vhigh,2,4,big,high,unacc,0,3,0,1,0,0,unacc
450,high,vhigh,2,more,small,low,unacc,0,3,0,2,2,1,unacc
451,high,vhigh,2,more,small,med,unacc,0,3,0,2,2,2,unacc
452,high,vhigh,2,more,small,high,unacc,0,3,0,2,2,0,unacc
453,high,vhigh,2,more,med,low,unacc,0,3,0,2,1,1,unacc
454,high,vhigh,2,more,med,med,unacc,0,3,0,2,1,2,unacc
455,high,vhigh,2,more,med,high,unacc,0,3,0,2,1,0,unacc
456,high,vhigh,2,more,big,low,unacc,0,3,0,2,0,1,unacc
457,high,vhigh,2,more,big,med,unacc,0,3,0,2,0,2,unacc
458,high,vhigh,2,more,big,high,unacc,0,3,0,2,0,0,unacc
459,high,vhigh,3,2,small,low,unacc,0,3,1,0,2,1,unacc
460,high,vhigh,3,2,small,med,unacc,0,3,1,0,2,2,unacc
461,high,vhigh,3,2,small,high,unacc,0,3,1,0,2,0,unacc
462,high,vhigh,3,2,med,low,unacc,0,3,1,0,1,1,unacc
463,high,vhigh,3,2,med,med,unacc,0,3,1,0,1,2,unacc
464,high,vhigh,3,2,med,high,unacc,0,3,1,0,1,0,unacc
465,high,vhigh,3,2,big,low,unacc,0,3,1,0,0,1,unacc
466,high,vhigh,3,2,big,med,unacc,0,3,1,0,0,2,unacc
467,high,vhigh,3,2,big,high,unacc,0,3,1,0,0,0,unacc
468,high,vhigh,3,4,small,low,unacc,0,3,1,1,2,1,unacc
469,high,vhigh,3,4,small,med,unacc,0,3,1,1,2,2,unacc
470,high,vhigh,3,4,small,high,unacc,0,3,1,1,2,0,unacc
471,high,vhigh,3,4,med,low,unacc,0,3,1,1,1,1,unacc
472,high,vhigh,3,4,med,med,unacc,0,3,1,1,1,2,unacc
473,high,vhigh,3,4,med,high,unacc,0,3,1,1,1,0,unacc
474,high,vhigh,3,4,big,low,unacc,0,3,1,1,0,1,unacc
475,high,vhigh,3,4,big,med,unacc,0,3,1,1,0,2,unacc
476,high,vhigh,3,4,big,high,unacc,0,3,1,1,0,0,unacc
477,high,vhigh,3,more,small,low,unacc,0,3,1,2,2,1,unacc
478,high,vhigh,3,more,small,med,unacc,0,3,1,2,2,2,unacc
479,high,vhigh,3,more,small,high,unacc,0,3,1,2,2,0,unacc
480,high,vhigh,3,more,med,low,unacc,0,3,1,2,1,1,unacc
481,high,vhigh,3,more,med,med,unacc,0,3,1,2,1,2,unacc
482,high,vhigh,3,more,med,high,unacc,0,3,1,2,1,0,unacc
483,high,vhigh,3,more,big,low,unacc,0,3,1,2,0,1,unacc
484,high,vhigh,3,more,big,med,unacc,0,3,1,2,0,2,unacc
485,high,vhigh,3,more,big,high,unacc,0,3,1,2,0,0,unacc
486,high,vhigh,4,2,small,low,unacc,0,3,2,0,2,1,unacc
487,high,vhigh,4,2,small,med,unacc,0,3,2,0,2,2,unacc
488,high,vhigh,4,2,small,high,unacc,0,3,2,0,2,0,unacc
489,high,vhigh,4,2,med,low,unacc,0,3,2,0,1,1,unacc
490,high,vhigh,4,2,med,med,unacc,0,3,2,0,1,2,unacc
491,high,vhigh,4,2,med,high,unacc,0,3,2,0,1,0,unacc
492,high,vhigh,4,2,big,low,unacc,0,3,2,0,0,1,unacc
493,high,vhigh,4,2,big,med,unacc,0,3,2,0,0,2,unacc
494,high,vhigh,4,2,big,high,unacc,0,3,2,0,0,0,unacc
495,high,vhigh,4,4,small,low,unacc,0,3,2,1,2,1,unacc
496,high,vhigh,4,4,small,med,unacc,0,3,2,1,2,2,unacc
497,high,vhigh,4,4,small,high,unacc,0,3,2,1,2,0,unacc
498,high,vhigh,4,4,med,low,unacc,0,3,2,1,1,1,unacc
499,high,vhigh,4,4,med,med,unacc,0,3,2,1,1,2,unacc
500,high,vhigh,4,4,med,high,unacc,0,3,2,1,1,0,unacc
501,high,vhigh,4,4,big,low,unacc,0,3,2,1,0,1,unacc
502,high,vhigh,4,4,big,med,unacc,0,3,2,1,0,2,unacc
503,high,vhigh,4,4,big,high,unacc,0,3,2,1,0,0,unacc
504,high,vhigh,4,more,small,low,unacc,0,3,2,2,2,1,unacc
505,high,vhigh,4,more,small,med,unacc,0,3,2,2,2,2,unacc
506,high,vhigh,4,more,small,high,unacc,0,3,2,2,2,0,unacc
507,high,vhigh,4,more,med,low,unacc,0,3,2,2,1,1,unacc
508,high,vhigh,4,more,med,med,unacc,0,3,2,2,1,2,unacc
509,high,vhigh,4,more,med,high,unacc,0,3,2,2,1,0,unacc
510,high,vhigh,4,more,big,low,unacc,0,3,2,2,0,1,unacc
511,high,vhigh,4,more,big,med,unacc,0,3,2,2,0,2,unacc
512,high,vhigh,4,more,big,high,unacc,0,3,2,2,0,0,unacc
513,high,vhigh,5more,2,small,low,unacc,0,3,3,0,2,1,unacc
514,high,vhigh,5more,2,small,med,unacc,0,3,3,0,2,2,unacc
515,high,vhigh,5more,2,small,high,unacc,0,3,3,0,2,0,unacc
516,high,vhigh,5more,2,med,low,unacc,0,3,3,0,1,1,unacc
517,high,vhigh,5more,2,med,med,unacc,0,3,3,0,1,2,unacc
518,high,vhigh,5more,2,med,high,unacc,0,3,3,0,1,0,unacc
519,high,vhigh,5more,2,big,low,unacc,0,3,3,0,0,1,unacc
520,high,vhigh,5more,2,big,med,unacc,0,3,3,0,0,2,unacc
521,high,vhigh,5more,2,big,high,unacc,0,3,3,0,0,0,unacc
522,high,vhigh,5more,4,small,low,unacc,0,3,3,1,2,1,unacc
523,high,vhigh,5more,4,small,med,unacc,0,3,3,1,2,2,unacc
524,high,vhigh,5more,4,small,high,unacc,0,3,3,1,2,0,unacc
525,high,vhigh,5more,4,med,low,unacc,0,3,3,1,1,1,unacc
526,high,vhigh,5more,4,med,med,unacc,0,3,3,1,1,2,unacc
527,high,vhigh,5more,4,med,high,unacc,0,3,3,1,1,0,unacc
528,high,vhigh,5more,4,big,low,unacc,0,3,3,1,0,1,unacc
529,high,vhigh,5more,4,big,med,unacc,0,3,3,1,0,2,unacc
530,high,vhigh,5more,4,big,high,unacc,0,3,3,1,0,0,unacc
531,high,vhigh,5more,more,small,low,unacc,0,3,3,2,2,1,unacc
532,high,vhigh,5more,more,small,med,unacc,0,3,3,2,2,2,unacc
533,high,vhigh,5more,more,small,high,unacc,0,3,3,2,2,0,unacc
534,high,vhigh,5more,more,med,low,unacc,0,3,3,2,1,1,unacc
535,high,vhigh,5more,more,med,med,unacc,0,3,3,2,1,2,unacc
536,high,vhigh,5more,more,med,high,unacc,0,3,3,2,1,0,unacc
537,high,vhigh,5more,more,big,low,unacc,0,3,3,2,0,1,unacc
538,high,vhigh,5more,more,big,med,unacc,0,3,3,2,0,2,unacc
539,high,vhigh,5more,more,big,high,unacc,0,3,3,2,0,0,unacc
540,high,high,2,2,small,low,unacc,0,0,0,0,2,1,unacc
541,high,high,2,2,small,med,unacc,0,0,0,0,2,2,unacc
542,high,high,2,2,small,high,unacc,0,0,0,0,2,0,unacc
543,high,high,2,2,med,low,unacc,0,0,0,0,1,1,unacc
544,high,high,2,2,med,med,unacc,0,0,0,0,1,2,unacc
545,high,high,2,2,med,high,unacc,0,0,0,0,1,0,unacc
546,high,high,2,2,big,low,unacc,0,0,0,0,0,1,unacc
547,high,high,2,2,big,med,unacc,0,0,0,0,0,2,unacc
548,high,high,2,2,big,high,unacc,0,0,0,0,0,0,unacc
549,high,high,2,4,small,low,unacc,0,0,0,1,2,1,unacc
550,high,high,2,4,small,med,unacc,0,0,0,1,2,2,unacc
551,high,high,2,4,small,high,acc,0,0,0,1,2,0,acc
552,high,high,2,4,med,low,unacc,0,0,0,1,1,1,unacc
553,high,high,2,4,med,med,unacc,0,0,0,1,1,2,unacc
554,high,high,2,4,med,high,acc,0,0,0,1,1,0,acc
555,high,high,2,4,big,low,unacc,0,0,0,1,0,1,unacc
556,high,high,2,4,big,med,acc,0,0,0,1,0,2,acc
557,high,high,2,4,big,high,acc,0,0,0,1,0,0,acc
558,high,high,2,more,small,low,unacc,0,0,0,2,2,1,unacc
559,high,high,2,more,small,med,unacc,0,0,0,2,2,2,unacc
560,high,high,2,more,small,high,unacc,0,0,0,2,2,0,acc
561,high,high,2,more,med,low,unacc,0,0,0,2,1,1,unacc
562,high,high,2,more,med,med,unacc,0,0,0,2,1,2,unacc
563,high,high,2,more,med,high,acc,0,0,0,2,1,0,acc
564,high,high,2,more,big,low,unacc,0,0,0,2,0,1,unacc
565,high,high,2,more,big,med,acc,0,0,0,2,0,2,acc
566,high,high,2,more,big,high,acc,0,0,0,2,0,0,acc
567,high,high,3,2,small,low,unacc,0,0,1,0,2,1,unacc
568,high,high,3,2,small,med,unacc,0,0,1,0,2,2,unacc
569,high,high,3,2,small,high,unacc,0,0,1,0,2,0,unacc
570,high,high,3,2,med,low,unacc,0,0,1,0,1,1,unacc
571,high,high,3,2,med,med,unacc,0,0,1,0,1,2,unacc
572,high,high,3,2,med,high,unacc,0,0,1,0,1,0,unacc
573,high,high,3,2,big,low,unacc,0,0,1,0,0,1,unacc
574,high,high,3,2,big,med,unacc,0,0,1,0,0,2,unacc
575,high,high,3,2,big,high,unacc,0,0,1,0,0,0,unacc
576,high,high,3,4,small,low,unacc,0,0,1,1,2,1,unacc
577,high,high,3,4,small,med,unacc,0,0,1,1,2,2,unacc
578,high,high,3,4,small,high,acc,0,0,1,1,2,0,acc
579,high,high,3,4,med,low,unacc,0,0,1,1,1,1,unacc
580,high,high,3,4,med,med,unacc,0,0,1,1,1,2,unacc
581,high,high,3,4,med,high,acc,0,0,1,1,1,0,acc
582,high,high,3,4,big,low,unacc,0,0,1,1,0,1,unacc
583,high,high,3,4,big,med,acc,0,0,1,1,0,2,acc
584,high,high,3,4,big,high,acc,0,0,1,1,0,0,acc
585,high,high,3,more,small,low,unacc,0,0,1,2,2,1,unacc
586,high,high,3,more,small,med,unacc,0,0,1,2,2,2,unacc
587,high,high,3,more,small,high,acc,0,0,1,2,2,0,acc
588,high,high,3,more,med,low,unacc,0,0,1,2,1,1,unacc
589,high,high,3,more,med,med,acc,0,0,1,2,1,2,acc
590,high,high,3,more,med,high,acc,0,0,1,2,1,0,acc
591,high,high,3,more,big,low,unacc,0,0,1,2,0,1,unacc
592,high,high,3,more,big,med,acc,0,0,1,2,0,2,acc
593,high,high,3,more,big,high,acc,0,0,1,2,0,0,acc
594,high,high,4,2,small,low,unacc,0,0,2,0,2,1,unacc
595,high,high,4,2,small,med,unacc,0,0,2,0,2,2,unacc
596,high,high,4,2,small,high,unacc,0,0,2,0,2,0,unacc
597,high,high,4,2,med,low,unacc,0,0,2,0,1,1,unacc
598,high,high,4,2,med,med,unacc,0,0,2,0,1,2,unacc
599,high,high,4,2,med,high,unacc,0,0,2,0,1,0,unacc
600,high,high,4,2,big,low,unacc,0,0,2,0,0,1,unacc
601,high,high,4,2,big,med,unacc,0,0,2,0,0,2,unacc
602,high,high,4,2,big,high,unacc,0,0,2,0,0,0,unacc
603,high,high,4,4,small,low,unacc,0,0,2,1,2,1,unacc
604,high,high,4,4,small,med,unacc,0,0,2,1,2,2,unacc
605,high,high,4,4,small,high,acc,0,0,2,1,2,0,acc
606,high,high,4,4,med,low,unacc,0,0,2,1,1,1,unacc
607,high,high,4,4,med,med,acc,0,0,2,1,1,2,acc
608,high,high,4,4,med,high,acc,0,0,2,1,1,0,acc
609,high,high,4,4,big,low,unacc,0,0,2,1,0,1,unacc
610,high,high,4,4,big,med,acc,0,0,2,1,0,2,acc
611,high,high,4,4,big,high,acc,0,0,2,1,0,0,acc
612,high,high,4,more,small,low,unacc,0,0,2,2,2,1,unacc
613,high,high,4,more,small,med,unacc,0,0,2,2,2,2,unacc
614,high,high,4,more,small,high,acc,0,0,2,2,2,0,acc
615,high,high,4,more,med,low,unacc,0,0,2,2,1,1,unacc
616,high,high,4,more,med,med,acc,0,0,2,2,1,2,acc
617,high,high,4,more,med,high,acc,0,0,2,2,1,0,acc
618,high,high,4,more,big,low,unacc,0,0,2,2,0,1,unacc
619,high,high,4,more,big,med,acc,0,0,2,2,0,2,acc
620,high,high,4,more,big,high,acc,0,0,2,2,0,0,acc
621,high,high,5more,2,small,low,unacc,0,0,3,0,2,1,unacc
622,high,high,5more,2,small,med,unacc,0,0,3,0,2,2,unacc
623,high,high,5more,2,small,high,unacc,0,0,3,0,2,0,unacc
624,high,high,5more,2,med,low,unacc,0,0,3,0,1,1,unacc
625,high,high,5more,2,med,med,unacc,0,0,3,0,1,2,unacc
626,high,high,5more,2,med,high,unacc,0,0,3,0,1,0,unacc
627,high,high,5more,2,big,low,unacc,0,0,3,0,0,1,unacc
628,high,high,5more,2,big,med,unacc,0,0,3,0,0,2,unacc
629,high,high,5more,2,big,high,unacc,0,0,3,0,0,0,unacc
630,high,high,5more,4,small,low,unacc,0,0,3,1,2,1,unacc
631,high,high,5more,4,small,med,unacc,0,0,3,1,2,2,unacc
632,high,high,5more,4,small,high,acc,0,0,3,1,2,0,acc
633,high,high,5more,4,med,low,unacc,0,0,3,1,1,1,unacc
634,high,high,5more,4,med,med,acc,0,0,3,1,1,2,acc
635,high,high,5more,4,med,high,acc,0,0,3,1,1,0,acc
636,high,high,5more,4,big,low,unacc,0,0,3,1,0,1,unacc
637,high,high,5more,4,big,med,acc,0,0,3,1,0,2,acc
638,high,high,5more,4,big,high,acc,0,0,3,1,0,0,acc
639,high,high,5more,more,small,low,unacc,0,0,3,2,2,1,unacc
640,high,high,5more,more,small,med,unacc,0,0,3,2,2,2,unacc
641,high,high,5more,more,small,high,acc,0,0,3,2,2,0,acc
642,high,high,5more,more,med,low,unacc,0,0,3,2,1,1,unacc
643,high,high,5more,more,med,med,acc,0,0,3,2,1,2,acc
644,high,high,5more,more,med,high,acc,0,0,3,2,1,0,acc
645,high,high,5more,more,big,low,unacc,0,0,3,2,0,1,unacc
646,high,high,5more,more,big,med,acc,0,0,3,2,0,2,acc
647,high,high,5more,more,big,high,acc,0,0,3,2,0,0,acc
648,high,med,2,2,small,low,unacc,0,2,0,0,2,1,unacc
649,high,med,2,2,small,med,unacc,0,2,0,0,2,2,unacc
650,high,med,2,2,small,high,unacc,0,2,0,0,2,0,unacc
651,high,med,2,2,med,low,unacc,0,2,0,0,1,1,unacc
652,high,med,2,2,med,med,unacc,0,2,0,0,1,2,unacc
653,high,med,2,2,med,high,unacc,0,2,0,0,1,0,unacc
654,high,med,2,2,big,low,unacc,0,2,0,0,0,1,unacc
655,high,med,2,2,big,med,unacc,0,2,0,0,0,2,unacc
656,high,med,2,2,big,high,unacc,0,2,0,0,0,0,unacc
657,high,med,2,4,small,low,unacc,0,2,0,1,2,1,unacc
658,high,med,2,4,small,med,unacc,0,2,0,1,2,2,unacc
659,high,med,2,4,small,high,acc,0,2,0,1,2,0,unacc
660,high,med,2,4,med,low,unacc,0,2,0,1,1,1,unacc
661,high,med,2,4,med,med,unacc,0,2,0,1,1,2,unacc
662,high,med,2,4,med,high,acc,0,2,0,1,1,0,acc
663,high,med,2,4,big,low,unacc,0,2,0,1,0,1,unacc
664,high,med,2,4,big,med,acc,0,2,0,1,0,2,unacc
665,high,med,2,4,big,high,acc,0,2,0,1,0,0,acc
666,high,med,2,more,small,low,unacc,0,2,0,2,2,1,unacc
667,high,med,2,more,small,med,unacc,0,2,0,2,2,2,unacc
668,high,med,2,more,small,high,unacc,0,2,0,2,2,0,unacc
669,high,med,2,more,med,low,unacc,0,2,0,2,1,1,unacc
670,high,med,2,more,med,med,unacc,0,2,0,2,1,2,unacc
671,high,med,2,more,med,high,acc,0,2,0,2,1,0,acc
672,high,med,2,more,big,low,unacc,0,2,0,2,0,1,unacc
673,high,med,2,more,big,med,acc,0,2,0,2,0,2,acc
674,high,med,2,more,big,high,acc,0,2,0,2,0,0,acc
675,high,med,3,2,small,low,unacc,0,2,1,0,2,1,unacc
676,high,med,3,2,small,med,unacc,0,2,1,0,2,2,unacc
677,high,med,3,2,small,high,unacc,0,2,1,0,2,0,unacc
678,high,med,3,2,med,low,unacc,0,2,1,0,1,1,unacc
679,high,med,3,2,med,med,unacc,0,2,1,0,1,2,unacc
680,high,med,3,2,med,high,unacc,0,2,1,0,1,0,unacc
681,high,med,3,2,big,low,unacc,0,2,1,0,0,1,unacc
682,high,med,3,2,big,med,unacc,0,2,1,0,0,2,unacc
683,high,med,3,2,big,high,unacc,0,2,1,0,0,0,unacc
684,high,med,3,4,small,low,unacc,0,2,1,1,2,1,unacc
685,high,med,3,4,small,med,unacc,0,2,1,1,2,2,unacc
686,high,med,3,4,small,high,acc,0,2,1,1,2,0,acc
687,high,med,3,4,med,low,unacc,0,2,1,1,1,1,unacc
688,high,med,3,4,med,med,unacc,0,2,1,1,1,2,unacc
689,high,med,3,4,med,high,acc,0,2,1,1,1,0,acc
690,high,med,3,4,big,low,unacc,0,2,1,1,0,1,unacc
691,high,med,3,4,big,med,acc,0,2,1,1,0,2,acc
692,high,med,3,4,big,high,acc,0,2,1,1,0,0,acc
693,high,med,3,more,small,low,unacc,0,2,1,2,2,1,unacc
694,high,med,3,more,small,med,unacc,0,2,1,2,2,2,unacc
695,high,med,3,more,small,high,acc,0,2,1,2,2,0,acc
696,high,med,3,more,med,low,unacc,0,2,1,2,1,1,unacc
697,high,med,3,more,med,med,acc,0,2,1,2,1,2,unacc
698,high,med,3,more,med,high,acc,0,2,1,2,1,0,acc
699,high,med,3,more,big,low,unacc,0,2,1,2,0,1,unacc
700,high,med,3,more,big,med,acc,0,2,1,2,0,2,acc
701,high,med,3,more,big,high,acc,0,2,1,2,0,0,acc
702,high,med,4,2,small,low,unacc,0,2,2,0,2,1,unacc
703,high,med,4,2,small,med,unacc,0,2,2,0,2,2,unacc
704,high,med,4,2,small,high,unacc,0,2,2,0,2,0,unacc
705,high,med,4,2,med,low,unacc,0,2,2,0,1,1,unacc
706,high,med,4,2,med,med,unacc,0,2,2,0,1,2,unacc
707,high,med,4,2,med,high,unacc,0,2,2,0,1,0,unacc
708,high,med,4,2,big,low,unacc,0,2,2,0,0,1,unacc
709,high,med,4,2,big,med,unacc,0,2,2,0,0,2,unacc
710,high,med,4,2,big,high,unacc,0,2,2,0,0,0,unacc
711,high,med,4,4,small,low,unacc,0,2,2,1,2,1,unacc
712,high,med,4,4,small,med,unacc,0,2,2,1,2,2,unacc
713,high,med,4,4,small,high,acc,0,2,2,1,2,0,acc
714,high,med,4,4,med,low,unacc,0,2,2,1,1,1,unacc
715,high,med,4,4,med,med,acc,0,2,2,1,1,2,acc
716,high,med,4,4,med,high,acc,0,2,2,1,1,0,acc
717,high,med,4,4,big,low,unacc,0,2,2,1,0,1,unacc
718,high,med,4,4,big,med,acc,0,2,2,1,0,2,acc
719,high,med,4,4,big,high,acc,0,2,2,1,0,0,acc
720,high,med,4,more,small,low,unacc,0,2,2,2,2,1,unacc
721,high,med,4,more,small,med,unacc,0,2,2,2,2,2,unacc
722,high,med,4,more,small,high,acc,0,2,2,2,2,0,acc
723,high,med,4,more,med,low,unacc,0,2,2,2,1,1,unacc
724,high,med,4,more,med,med,acc,0,2,2,2,1,2,acc
725,high,med,4,more,med,high,acc,0,2,2,2,1,0,acc
726,high,med,4,more,big,low,unacc,0,2,2,2,0,1,unacc
727,high,med,4,more,big,med,acc,0,2,2,2,0,2,acc
728,high,med,4,more,big,high,acc,0,2,2,2,0,0,acc
729,high,med,5more,2,small,low,unacc,0,2,3,0,2,1,unacc
730,high,med,5more,2,small,med,unacc,0,2,3,0,2,2,unacc
731,high,med,5more,2,small,high,unacc,0,2,3,0,2,0,unacc
732,high,med,5more,2,med,low,unacc,0,2,3,0,1,1,unacc
733,high,med,5more,2,med,med,unacc,0,2,3,0,1,2,unacc
734,high,med,5more,2,med,high,unacc,0,2,3,0,1,0,unacc
735,high,med,5more,2,big,low,unacc,0,2,3,0,0,1,unacc
736,high,med,5more,2,big,med,unacc,0,2,3,0,0,2,unacc
737,high,med,5more,2,big,high,unacc,0,2,3,0,0,0,unacc
738,high,med,5more,4,small,low,unacc,0,2,3,1,2,1,unacc
739,high,med,5more,4,small,med,unacc,0,2,3,1,2,2,unacc
740,high,med,5more,4,small,high,acc,0,2,3,1,2,0,acc
741,high,med,5more,4,med,low,unacc,0,2,3,1,1,1,unacc
742,high,med,5more,4,med,med,acc,0,2,3,1,1,2,acc
743,high,med,5more,4,med,high,acc,0,2,3,1,1,0,acc
744,high,med,5more,4,big,low,unacc,0,2,3,1,0,1,unacc
745,high,med,5more,4,big,med,acc,0,2,3,1,0,2,acc
746,high,med,5more,4,big,high,acc,0,2,3,1,0,0,acc
747,high,med,5more,more,small,low,unacc,0,2,3,2,2,1,unacc
748,high,med,5more,more,small,med,unacc,0,2,3,2,2,2,unacc
749,high,med,5more,more,small,high,acc,0,2,3,2,2,0,acc
750,high,med,5more,more,med,low,unacc,0,2,3,2,1,1,unacc
751,high,med,5more,more,med,med,acc,0,2,3,2,1,2,acc
752,high,med,5more,more,med,high,acc,0,2,3,2,1,0,acc
753,high,med,5more,more,big,low,unacc,0,2,3,2,0,1,unacc
754,high,med,5more,more,big,med,acc,0,2,3,2,0,2,acc
755,high,med,5more,more,big,high,acc,0,2,3,2,0,0,acc
756,high,low,2,2,small,low,unacc,0,1,0,0,2,1,unacc
757,high,low,2,2,small,med,unacc,0,1,0,0,2,2,unacc
758,high,low,2,2,small,high,unacc,0,1,0,0,2,0,unacc
759,high,low,2,2,med,low,unacc,0,1,0,0,1,1,unacc
760,high,low,2,2,med,med,unacc,0,1,0,0,1,2,unacc
761,high,low,2,2,med,high,unacc,0,1,0,0,1,0,unacc
762,high,low,2,2,big,low,unacc,0,1,0,0,0,1,unacc
763,high,low,2,2,big,med,unacc,0,1,0,0,0,2,unacc
764,high,low,2,2,big,high,unacc,0,1,0,0,0,0,unacc
765,high,low,2,4,small,low,unacc,0,1,0,1,2,1,unacc
766,high,low,2,4,small,med,unacc,0,1,0,1,2,2,unacc
767,high,low,2,4,small,high,acc,0,1,0,1,2,0,acc
768,high,low,2,4,med,low,unacc,0,1,0,1,1,1,unacc
769,high,low,2,4,med,med,unacc,0,1,0,1,1,2,unacc
770,high,low,2,4,med,high,acc,0,1,0,1,1,0,acc
771,high,low,2,4,big,low,unacc,0,1,0,1,0,1,unacc
772,high,low,2,4,big,med,acc,0,1,0,1,0,2,acc
773,high,low,2,4,big,high,acc,0,1,0,1,0,0,acc
774,high,low,2,more,small,low,unacc,0,1,0,2,2,1,unacc
775,high,low,2,more,small,med,unacc,0,1,0,2,2,2,unacc
776,high,low,2,more,small,high,unacc,0,1,0,2,2,0,unacc
777,high,low,2,more,med,low,unacc,0,1,0,2,1,1,unacc
778,high,low,2,more,med,med,unacc,0,1,0,2,1,2,unacc
779,high,low,2,more,med,high,acc,0,1,0,2,1,0,acc
780,high,low,2,more,big,low,unacc,0,1,0,2,0,1,unacc
781,high,low,2,more,big,med,acc,0,1,0,2,0,2,acc
782,high,low,2,more,big,high,acc,0,1,0,2,0,0,acc
783,high,low,3,2,small,low,unacc,0,1,1,0,2,1,unacc
784,high,low,3,2,small,med,unacc,0,1,1,0,2,2,unacc
785,high,low,3,2,small,high,unacc,0,1,1,0,2,0,unacc
786,high,low,3,2,med,low,unacc,0,1,1,0,1,1,unacc
787,high,low,3,2,med,med,unacc,0,1,1,0,1,2,unacc
788,high,low,3,2,med,high,unacc,0,1,1,0,1,0,unacc
789,high,low,3,2,big,low,unacc,0,1,1,0,0,1,unacc
790,high,low,3,2,big,med,unacc,0,1,1,0,0,2,unacc
791,high,low,3,2,big,high,unacc,0,1,1,0,0,0,unacc
792,high,low,3,4,small,low,unacc,0,1,1,1,2,1,unacc
793,high,low,3,4,small,med,unacc,0,1,1,1,2,2,unacc
794,high,low,3,4,small,high,acc,0,1,1,1,2,0,acc
795,high,low,3,4,med,low,unacc,0,1,1,1,1,1,unacc
796,high,low,3,4,med,med,unacc,0,1,1,1,1,2,unacc
797,high,low,3,4,med,high,acc,0,1,1,1,1,0,acc
798,high,low,3,4,big,low,unacc,0,1,1,1,0,1,unacc
799,high,low,3,4,big,med,acc,0,1,1,1,0,2,acc
800,high,low,3,4,big,high,acc,0,1,1,1,0,0,acc
801,high,low,3,more,small,low,unacc,0,1,1,2,2,1,unacc
802,high,low,3,more,small,med,unacc,0,1,1,2,2,2,unacc
803,high,low,3,more,small,high,acc,0,1,1,2,2,0,acc
804,high,low,3,more,med,low,unacc,0,1,1,2,1,1,unacc
805,high,low,3,more,med,med,acc,0,1,1,2,1,2,unacc
806,high,low,3,more,med,high,acc,0,1,1,2,1,0,acc
807,high,low,3,more,big,low,unacc,0,1,1,2,0,1,unacc
808,high,low,3,more,big,med,acc,0,1,1,2,0,2,acc
809,high,low,3,more,big,high,acc,0,1,1,2,0,0,acc
810,high,low,4,2,small,low,unacc,0,1,2,0,2,1,unacc
811,high,low,4,2,small,med,unacc,0,1,2,0,2,2,unacc
812,high,low,4,2,small,high,unacc,0,1,2,0,2,0,unacc
813,high,low,4,2,med,low,unacc,0,1,2,0,1,1,unacc
814,high,low,4,2,med,med,unacc,0,1,2,0,1,2,unacc
815,high,low,4,2,med,high,unacc,0,1,2,0,1,0,unacc
816,high,low,4,2,big,low,unacc,0,1,2,0,0,1,unacc
817,high,low,4,2,big,med,unacc,0,1,2,0,0,2,unacc
818,high,low,4,2,big,high,unacc,0,1,2,0,0,0,unacc
819,high,low,4,4,small,low,unacc,0,1,2,1,2,1,unacc
820,high,low,4,4,small,med,unacc,0,1,2,1,2,2,unacc
821,high,low,4,4,small,high,acc,0,1,2,1,2,0,acc
822,high,low,4,4,med,low,unacc,0,1,2,1,1,1,unacc
823,high,low,4,4,med,med,acc,0,1,2,1,1,2,acc
824,high,low,4,4,med,high,acc,0,1,2,1,1,0,acc
825,high,low,4,4,big,low,unacc,0,1,2,1,0,1,unacc
826,high,low,4,4,big,med,acc,0,1,2,1,0,2,acc
827,high,low,4,4,big,high,acc,0,1,2,1,0,0,acc
828,high,low,4,more,small,low,unacc,0,1,2,2,2,1,unacc
829,high,low,4,more,small,med,unacc,0,1,2,2,2,2,unacc
830,high,low,4,more,small,high,acc,0,1,2,2,2,0,acc
831,high,low,4,more,med,low,unacc,0,1,2,2,1,1,unacc
832,high,low,4,more,med,med,acc,0,1,2,2,1,2,acc
833,high,low,4,more,med,high,acc,0,1,2,2,1,0,acc
834,high,low,4,more,big,low,unacc,0,1,2,2,0,1,unacc
835,high,low,4,more,big,med,acc,0,1,2,2,0,2,acc
836,high,low,4,more,big,high,acc,0,1,2,2,0,0,acc
837,high,low,5more,2,small,low,unacc,0,1,3,0,2,1,unacc
838,high,low,5more,2,small,med,unacc,0,1,3,0,2,2,unacc
839,high,low,5more,2,small,high,unacc,0,1,3,0,2,0,unacc
840,high,low,5more,2,med,low,unacc,0,1,3,0,1,1,unacc
841,high,low,5more,2,med,med,unacc,0,1,3,0,1,2,unacc
842,high,low,5more,2,med,high,unacc,0,1,3,0,1,0,unacc
843,high,low,5more,2,big,low,unacc,0,1,3,0,0,1,unacc
844,high,low,5more,2,big,med,unacc,0,1,3,0,0,2,unacc
845,high,low,5more,2,big,high,unacc,0,1,3,0,0,0,unacc
846,high,low,5more,4,small,low,unacc,0,1,3,1,2,1,unacc
847,high,low,5more,4,small,med,unacc,0,1,3,1,2,2,unacc
848,high,low,5more,4,small,high,acc,0,1,3,1,2,0,acc
849,high,low,5more,4,med,low,unacc,0,1,3,1,1,1,unacc
850,high,low,5more,4,med,med,acc,0,1,3,1,1,2,acc
851,high,low,5more,4,med,high,acc,0,1,3,1,1,0,acc
852,high,low,5more,4,big,low,unacc,0,1,3,1,0,1,unacc
853,high,low,5more,4,big,med,acc,0,1,3,1,0,2,acc
854,high,low,5more,4,big,high,acc,0,1,3,1,0,0,acc
855,high,low,5more,more,small,low,unacc,0,1,3,2,2,1,unacc
856,high,low,5more,more,small,med,unacc,0,1,3,2,2,2,unacc
857,high,low,5more,more,small,high,acc,0,1,3,2,2,0,acc
858,high,low,5more,more,med,low,unacc,0,1,3,2,1,1,unacc
859,high,low,5more,more,med,med,acc,0,1,3,2,1,2,acc
860,high,low,5more,more,med,high,acc,0,1,3,2,1,0,acc
861,high,low,5more,more,big,low,unacc,0,1,3,2,0,1,unacc
862,high,low,5more,more,big,med,acc,0,1,3,2,0,2,acc
863,high,low,5more,more,big,high,acc,0,1,3,2,0,0,acc
864,med,vhigh,2,2,small,low,unacc,2,3,0,0,2,1,unacc
865,med,vhigh,2,2,small,med,unacc,2,3,0,0,2,2,unacc
866,med,vhigh,2,2,small,high,unacc,2,3,0,0,2,0,unacc
867,med,vhigh,2,2,med,low,unacc,2,3,0,0,1,1,unacc
868,med,vhigh,2,2,med,med,unacc,2,3,0,0,1,2,unacc
869,med,vhigh,2,2,med,high,unacc,2,3,0,0,1,0,unacc
870,med,vhigh,2,2,big,low,unacc,2,3,0,0,0,1,unacc
871,med,vhigh,2,2,big,med,unacc,2,3,0,0,0,2,unacc
872,med,vhigh,2,2,big,high,unacc,2,3,0,0,0,0,unacc
873,med,vhigh,2,4,small,low,unacc,2,3,0,1,2,1,unacc
874,med,vhigh,2,4,small,med,unacc,2,3,0,1,2,2,unacc
875,med,vhigh,2,4,small,high,acc,2,3,0,1,2,0,unacc
876,med,vhigh,2,4,med,low,unacc,2,3,0,1,1,1,unacc
877,med,vhigh,2,4,med,med,unacc,2,3,0,1,1,2,unacc
878,med,vhigh,2,4,med,high,acc,2,3,0,1,1,0,unacc
879,med,vhigh,2,4,big,low,unacc,2,3,0,1,0,1,unacc
880,med,vhigh,2,4,big,med,acc,2,3,0,1,0,2,acc
881,med,vhigh,2,4,big,high,acc,2,3,0,1,0,0,acc
882,med,vhigh,2,more,small,low,unacc,2,3,0,2,2,1,unacc
883,med,vhigh,2,more,small,med,unacc,2,3,0,2,2,2,unacc
884,med,vhigh,2,more,small,high,unacc,2,3,0,2,2,0,acc
885,med,vhigh,2,more,med,low,unacc,2,3,0,2,1,1,unacc
886,med,vhigh,2,more,med,med,unacc,2,3,0,2,1,2,unacc
887,med,vhigh,2,more,med,high,acc,2,3,0,2,1,0,acc
888,med,vhigh,2,more,big,low,unacc,2,3,0,2,0,1,unacc
889,med,vhigh,2,more,big,med,acc,2,3,0,2,0,2,acc
890,med,vhigh,2,more,big,high,acc,2,3,0,2,0,0,acc
891,med,vhigh,3,2,small,low,unacc,2,3,1,0,2,1,unacc
892,med,vhigh,3,2,small,med,unacc,2,3,1,0,2,2,unacc
893,med,vhigh,3,2,small,high,unacc,2,3,1,0,2,0,unacc
894,med,vhigh,3,2,med,low,unacc,2,3,1,0,1,1,unacc
895,med,vhigh,3,2,med,med,unacc,2,3,1,0,1,2,unacc
896,med,vhigh,3,2,med,high,unacc,2,3,1,0,1,0,unacc
897,med,vhigh,3,2,big,low,unacc,2,3,1,0,0,1,unacc
898,med,vhigh,3,2,big,med,unacc,2,3,1,0,0,2,unacc
899,med,vhigh,3,2,big,high,unacc,2,3,1,0,0,0,unacc
900,med,vhigh,3,4,small,low,unacc,2,3,1,1,2,1,unacc
901,med,vhigh,3,4,small,med,unacc,2,3,1,1,2,2,unacc
902,med,vhigh,3,4,small,high,acc,2,3,1,1,2,0,acc
903,med,vhigh,3,4,med,low,unacc,2,3,1,1,1,1,unacc
904,med,vhigh,3,4,med,med,unacc,2,3,1,1,1,2,unacc
905,med,vhigh,3,4,med,high,acc,2,3,1,1,1,0,unacc
906,med,vhigh,3,4,big,low,unacc,2,3,1,1,0,1,unacc
907,med,vhigh,3,4,big,med,acc,2,3,1,1,0,2,acc
908,med,vhigh,3,4,big,high,acc,2,3,1,1,0,0,acc
909,med,vhigh,3,more,small,low,unacc,2,3,1,2,2,1,unacc
910,med,vhigh,3,more,small,med,unacc,2,3,1,2,2,2,unacc
911,med,vhigh,3,more,small,high,acc,2,3,1,2,2,0,acc
912,med,vhigh,3,more,med,low,unacc,2,3,1,2,1,1,unacc
913,med,vhigh,3,more,med,med,acc,2,3,1,2,1,2,unacc
914,med,vhigh,3,more,med,high,acc,2,3,1,2,1,0,acc
915,med,vhigh,3,more,big,low,unacc,2,3,1,2,0,1,unacc
916,med,vhigh,3,more,big,med,acc,2,3,1,2,0,2,acc
917,med,vhigh,3,more,big,high,acc,2,3,1,2,0,0,acc
918,med,vhigh,4,2,small,low,unacc,2,3,2,0,2,1,unacc
919,med,vhigh,4,2,small,med,unacc,2,3,2,0,2,2,unacc
920,med,vhigh,4,2,small,high,unacc,2,3,2,0,2,0,unacc
921,med,vhigh,4,2,med,low,unacc,2,3,2,0,1,1,unacc
922,med,vhigh,4,2,med,med,unacc,2,3,2,0,1,2,unacc
923,med,vhigh,4,2,med,high,unacc,2,3,2,0,1,0,unacc
924,med,vhigh,4,2,big,low,unacc,2,3,2,0,0,1,unacc
925,med,vhigh,4,2,big,med,unacc,2,3,2,0,0,2,unacc
926,med,vhigh,4,2,big,high,unacc,2,3,2,0,0,0,unacc
927,med,vhigh,4,4,small,low,unacc,2,3,2,1,2,1,unacc
928,med,vhigh,4,4,small,med,unacc,2,3,2,1,2,2,unacc
929,med,vhigh,4,4,small,high,acc,2,3,2,1,2,0,acc
930,med,vhigh,4,4,med,low,unacc,2,3,2,1,1,1,unacc
931,med,vhigh,4,4,med,med,acc,2,3,2,1,1,2,unacc
932,med,vhigh,4,4,med,high,acc,2,3,2,1,1,0,acc
933,med,vhigh,4,4,big,low,unacc,2,3,2,1,0,1,unacc
934,med,vhigh,4,4,big,med,acc,2,3,2,1,0,2,acc
935,med,vhigh,4,4,big,high,acc,2,3,2,1,0,0,acc
936,med,vhigh,4,more,small,low,unacc,2,3,2,2,2,1,unacc
937,med,vhigh,4,more,small,med,unacc,2,3,2,2,2,2,unacc
938,med,vhigh,4,more,small,high,acc,2,3,2,2,2,0,acc
939,med,vhigh,4,more,med,low,unacc,2,3,2,2,1,1,unacc
940,med,vhigh,4,more,med,med,acc,2,3,2,2,1,2,acc
941,med,vhigh,4,more,med,high,acc,2,3,2,2,1,0,acc
942,med,vhigh,4,more,big,low,unacc,2,3,2,2,0,1,unacc
943,med,vhigh,4,more,big,med,acc,2,3,2,2,0,2,acc
944,med,vhigh,4,more,big,high,acc,2,3,2,2,0,0,acc
945,med,vhigh,5more,2,small,low,unacc,2,3,3,0,2,1,unacc
946,med,vhigh,5more,2,small,med,unacc,2,3,3,0,2,2,unacc
947,med,vhigh,5more,2,small,high,unacc,2,3,3,0,2,0,unacc
948,med,vhigh,5more,2,med,low,unacc,2,3,3,0,1,1,unacc
949,med,vhigh,5more,2,med,med,unacc,2,3,3,0,1,2,unacc
950,med,vhigh,5more,2,med,high,unacc,2,3,3,0,1,0,unacc
951,med,vhigh,5more,2,big,low,unacc,2,3,3,0,0,1,unacc
952,med,vhigh,5more,2,big,med,unacc,2,3,3,0,0,2,unacc
953,med,vhigh,5more,2,big,high,unacc,2,3,3,0,0,0,unacc
954,med,vhigh,5more,4,small,low,unacc,2,3,3,1,2,1,unacc
955,med,vhigh,5more,4,small,med,unacc,2,3,3,1,2,2,unacc
956,med,vhigh,5more,4,small,high,acc,2,3,3,1,2,0,acc
957,med,vhigh,5more,4,med,low,unacc,2,3,3,1,1,1,unacc
958,med,vhigh,5more,4,med,med,acc,2,3,3,1,1,2,acc
959,med,vhigh,5more,4,med,high,acc,2,3,3,1,1,0,acc
960,med,vhigh,5more,4,big,low,unacc,2,3,3,1,0,1,unacc
961,med,vhigh,5more,4,big,med,acc,2,3,3,1,0,2,acc
962,med,vhigh,5more,4,big,high,acc,2,3,3,1,0,0,acc
963,med,vhigh,5more,more,small,low,unacc,2,3,3,2,2,1,unacc
964,med,vhigh,5more,more,small,med,unacc,2,3,3,2,2,2,unacc
965,med,vhigh,5more,more,small,high,acc,2,3,3,2,2,0,acc
966,med,vhigh,5more,more,med,low,unacc,2,3,3,2,1,1,unacc
967,med,vhigh,5more,more,med,med,acc,2,3,3,2,1,2,acc
968,med,vhigh,5more,more,med,high,acc,2,3,3,2,1,0,acc
969,med,vhigh,5more,more,big,low,unacc,2,3,3,2,0,1,unacc
970,med,vhigh,5more,more,big,med,acc,2,3,3,2,0,2,acc
971,med,vhigh,5more,more,big,high,acc,2,3,3,2,0,0,unacc
972,med,high,2,2,small,low,unacc,2,0,0,0,2,1,unacc
973,med,high,2,2,small,med,unacc,2,0,0,0,2,2,unacc
974,med,high,2,2,small,high,unacc,2,0,0,0,2,0,unacc
975,med,high,2,2,med,low,unacc,2,0,0,0,1,1,unacc
976,med,high,2,2,med,med,unacc,2,0,0,0,1,2,unacc
977,med,high,2,2,med,high,unacc,2,0,0,0,1,0,unacc
978,med,high,2,2,big,low,unacc,2,0,0,0,0,1,unacc
979,med,high,2,2,big,med,unacc,2,0,0,0,0,2,unacc
980,med,high,2,2,big,high,unacc,2,0,0,0,0,0,unacc
981,med,high,2,4,small,low,unacc,2,0,0,1,2,1,unacc
982,med,high,2,4,small,med,unacc,2,0,0,1,2,2,unacc
983,med,high,2,4,small,high,acc,2,0,0,1,2,0,acc
984,med,high,2,4,med,low,unacc,2,0,0,1,1,1,unacc
985,med,high,2,4,med,med,unacc,2,0,0,1,1,2,unacc
986,med,high,2,4,med,high,acc,2,0,0,1,1,0,acc
987,med,high,2,4,big,low,unacc,2,0,0,1,0,1,unacc
988,med,high,2,4,big,med,acc,2,0,0,1,0,2,acc
989,med,high,2,4,big,high,acc,2,0,0,1,0,0,acc
990,med,high,2,more,small,low,unacc,2,0,0,2,2,1,unacc
991,med,high,2,more,small,med,unacc,2,0,0,2,2,2,unacc
992,med,high,2,more,small,high,unacc,2,0,0,2,2,0,unacc
993,med,high,2,more,med,low,unacc,2,0,0,2,1,1,unacc
994,med,high,2,more,med,med,unacc,2,0,0,2,1,2,unacc
995,med,high,2,more,med,high,acc,2,0,0,2,1,0,unacc
996,med,high,2,more,big,low,unacc,2,0,0,2,0,1,unacc
997,med,high,2,more,big,med,acc,2,0,0,2,0,2,acc
998,med,high,2,more,big,high,acc,2,0,0,2,0,0,acc
999,med,high,3,2,small,low,unacc,2,0,1,0,2,1,unacc
1000,med,high,3,2,small,med,unacc,2,0,1,0,2,2,unacc
1001,med,high,3,2,small,high,unacc,2,0,1,0,2,0,unacc
1002,med,high,3,2,med,low,unacc,2,0,1,0,1,1,unacc
1003,med,high,3,2,med,med,unacc,2,0,1,0,1,2,unacc
1004,med,high,3,2,med,high,unacc,2,0,1,0,1,0,unacc
1005,med,high,3,2,big,low,unacc,2,0,1,0,0,1,unacc
1006,med,high,3,2,big,med,unacc,2,0,1,0,0,2,unacc
1007,med,high,3,2,big,high,unacc,2,0,1,0,0,0,unacc
1008,med,high,3,4,small,low,unacc,2,0,1,1,2,1,unacc
1009,med,high,3,4,small,med,unacc,2,0,1,1,2,2,unacc
1010,med,high,3,4,small,high,acc,2,0,1,1,2,0,acc
1011,med,high,3,4,med,low,unacc,2,0,1,1,1,1,unacc
1012,med,high,3,4,med,med,unacc,2,0,1,1,1,2,unacc
1013,med,high,3,4,med,high,acc,2,0,1,1,1,0,acc
1014,med,high,3,4,big,low,unacc,2,0,1,1,0,1,unacc
1015,med,high,3,4,big,med,acc,2,0,1,1,0,2,unacc
1016,med,high,3,4,big,high,acc,2,0,1,1,0,0,acc
1017,med,high,3,more,small,low,unacc,2,0,1,2,2,1,unacc
1018,med,high,3,more,small,med,unacc,2,0,1,2,2,2,unacc
1019,med,high,3,more,small,high,acc,2,0,1,2,2,0,unacc
1020,med,high,3,more,med,low,unacc,2,0,1,2,1,1,unacc
1021,med,high,3,more,med,med,acc,2,0,1,2,1,2,acc
1022,med,high,3,more,med,high,acc,2,0,1,2,1,0,acc
1023,med,high,3,more,big,low,unacc,2,0,1,2,0,1,unacc
1024,med,high,3,more,big,med,acc,2,0,1,2,0,2,acc
1025,med,high,3,more,big,high,acc,2,0,1,2,0,0,acc
1026,med,high,4,2,small,low,unacc,2,0,2,0,2,1,unacc
1027,med,high,4,2,small,med,unacc,2,0,2,0,2,2,unacc
1028,med,high,4,2,small,high,unacc,2,0,2,0,2,0,unacc
1029,med,high,4,2,med,low,unacc,2,0,2,0,1,1,unacc
1030,med,high,4,2,med,med,unacc,2,0,2,0,1,2,unacc
1031,med,high,4,2,med,high,unacc,2,0,2,0,1,0,unacc
1032,med,high,4,2,big,low,unacc,2,0,2,0,0,1,unacc
1033,med,high,4,2,big,med,unacc,2,0,2,0,0,2,unacc
1034,med,high,4,2,big,high,unacc,2,0,2,0,0,0,unacc
1035,med,high,4,4,small,low,unacc,2,0,2,1,2,1,unacc
1036,med,high,4,4,small,med,unacc,2,0,2,1,2,2,unacc
1037,med,high,4,4,small,high,acc,2,0,2,1,2,0,unacc
1038,med,high,4,4,med,low,unacc,2,0,2,1,1,1,unacc
1039,med,high,4,4,med,med,acc,2,0,2,1,1,2,acc
1040,med,high,4,4,med,high,acc,2,0,2,1,1,0,acc
1041,med,high,4,4,big,low,unacc,2,0,2,1,0,1,unacc
1042,med,high,4,4,big,med,acc,2,0,2,1,0,2,acc
1043,med,high,4,4,big,high,acc,2,0,2,1,0,0,acc
1044,med,high,4,more,small,low,unacc,2,0,2,2,2,1,unacc
1045,med,high,4,more,small,med,unacc,2,0,2,2,2,2,unacc
1046,med,high,4,more,small,high,acc,2,0,2,2,2,0,acc
1047,med,high,4,more,med,low,unacc,2,0,2,2,1,1,unacc
1048,med,high,4,more,med,med,acc,2,0,2,2,1,2,acc
1049,med,high,4,more,med,high,acc,2,0,2,2,1,0,acc
1050,med,high,4,more,big,low,unacc,2,0,2,2,0,1,unacc
1051,med,high,4,more,big,med,acc,2,0,2,2,0,2,acc
1052,med,high,4,more,big,high,acc,2,0,2,2,0,0,acc
1053,med,high,5more,2,small,low,unacc,2,0,3,0,2,1,unacc
1054,med,high,5more,2,small,med,unacc,2,0,3,0,2,2,unacc
1055,med,high,5more,2,small,high,unacc,2,0,3,0,2,0,unacc
1056,med,high,5more,2,med,low,unacc,2,0,3,0,1,1,unacc
1057,med,high,5more,2,med,med,unacc,2,0,3,0,1,2,unacc
1058,med,high,5more,2,med,high,unacc,2,0,3,0,1,0,unacc
1059,med,high,5more,2,big,low,unacc,2,0,3,0,0,1,unacc
1060,med,high,5more,2,big,med,unacc,2,0,3,0,0,2,unacc
1061,med,high,5more,2,big,high,unacc,2,0,3,0,0,0,unacc
1062,med,high,5more,4,small,low,unacc,2,0,3,1,2,1,unacc
1063,med,high,5more,4,small,med,unacc,2,0,3,1,2,2,unacc
1064,med,high,5more,4,small,high,acc,2,0,3,1,2,0,acc
1065,med,high,5more,4,med,low,unacc,2,0,3,1,1,1,unacc
1066,med,high,5more,4,med,med,acc,2,0,3,1,1,2,acc
1067,med,high,5more,4,med,high,acc,2,0,3,1,1,0,acc
1068,med,high,5more,4,big,low,unacc,2,0,3,1,0,1,unacc
1069,med,high,5more,4,big,med,acc,2,0,3,1,0,2,unacc
1070,med,high,5more,4,big,high,acc,2,0,3,1,0,0,acc
1071,med,high,5more,more,small,low,unacc,2,0,3,2,2,1,unacc
1072,med,high,5more,more,small,med,unacc,2,0,3,2,2,2,unacc
1073,med,high,5more,more,small,high,acc,2,0,3,2,2,0,acc
1074,med,high,5more,more,med,low,unacc,2,0,3,2,1,1,unacc
1075,med,high,5more,more,med,med,acc,2,0,3,2,1,2,acc
1076,med,high,5more,more,med,high,acc,2,0,3,2,1,0,acc
1077,med,high,5more,more,big,low,unacc,2,0,3,2,0,1,unacc
1078,med,high,5more,more,big,med,acc,2,0,3,2,0,2,acc
1079,med,high,5more,more,big,high,acc,2,0,3,2,0,0,acc
1080,med,med,2,2,small,low,unacc,2,2,0,0,2,1,unacc
1081,med,med,2,2,small,med,unacc,2,2,0,0,2,2,unacc
1082,med,med,2,2,small,high,unacc,2,2,0,0,2,0,unacc
1083,med,med,2,2,med,low,unacc,2,2,0,0,1,1,unacc
1084,med,med,2,2,med,med,unacc,2,2,0,0,1,2,unacc
1085,med,med,2,2,med,high,unacc,2,2,0,0,1,0,unacc
1086,med,med,2,2,big,low,unacc,2,2,0,0,0,1,unacc
1087,med,med,2,2,big,med,unacc,2,2,0,0,0,2,unacc
1088,med,med,2,2,big,high,unacc,2,2,0,0,0,0,unacc
1089,med,med,2,4,small,low,unacc,2,2,0,1,2,1,unacc
1090,med,med,2,4,small,med,acc,2,2,0,1,2,2,unacc
1091,med,med,2,4,small,high,acc,2,2,0,1,2,0,acc
1092,med,med,2,4,med,low,unacc,2,2,0,1,1,1,unacc
1093,med,med,2,4,med,med,acc,2,2,0,1,1,2,acc
1094,med,med,2,4,med,high,acc,2,2,0,1,1,0,acc
1095,med,med,2,4,big,low,unacc,2,2,0,1,0,1,unacc
1096,med,med,2,4,big,med,acc,2,2,0,1,0,2,acc
1097,med,med,2,4,big,high,vgood,2,2,0,1,0,0,unacc
1098,med,med,2,more,small,low,unacc,2,2,0,2,2,1,unacc
1099,med,med,2,more,small,med,unacc,2,2,0,2,2,2,unacc
1100,med,med,2,more,small,high,unacc,2,2,0,2,2,0,acc
1101,med,med,2,more,med,low,unacc,2,2,0,2,1,1,unacc
1102,med,med,2,more,med,med,acc,2,2,0,2,1,2,unacc
1103,med,med,2,more,med,high,acc,2,2,0,2,1,0,acc
1104,med,med,2,more,big,low,unacc,2,2,0,2,0,1,unacc
1105,med,med,2,more,big,med,acc,2,2,0,2,0,2,acc
1106,med,med,2,more,big,high,vgood,2,2,0,2,0,0,vgood
1107,med,med,3,2,small,low,unacc,2,2,1,0,2,1,unacc
1108,med,med,3,2,small,med,unacc,2,2,1,0,2,2,unacc
1109,med,med,3,2,small,high,unacc,2,2,1,0,2,0,unacc
1110,med,med,3,2,med,low,unacc,2,2,1,0,1,1,unacc
1111,med,med,3,2,med,med,unacc,2,2,1,0,1,2,unacc
1112,med,med,3,2,med,high,unacc,2,2,1,0,1,0,unacc
1113,med,med,3,2,big,low,unacc,2,2,1,0,0,1,unacc
1114,med,med,3,2,big,med,unacc,2,2,1,0,0,2,unacc
1115,med,med,3,2,big,high,unacc,2,2,1,0,0,0,unacc
1116,med,med,3,4,small,low,unacc,2,2,1,1,2,1,unacc
1117,med,med,3,4,small,med,acc,2,2,1,1,2,2,acc
1118,med,med,3,4,small,high,acc,2,2,1,1,2,0,acc
1119,med,med,3,4,med,low,unacc,2,2,1,1,1,1,unacc
1120,med,med,3,4,med,med,acc,2,2,1,1,1,2,unacc
1121,med,med,3,4,med,high,acc,2,2,1,1,1,0,acc
1122,med,med,3,4,big,low,unacc,2,2,1,1,0,1,unacc
1123,med,med,3,4,big,med,acc,2,2,1,1,0,2,acc
1124,med,med,3,4,big,high,vgood,2,2,1,1,0,0,unacc
1125,med,med,3,more,small,low,unacc,2,2,1,2,2,1,unacc
1126,med,med,3,more,small,med,acc,2,2,1,2,2,2,unacc
1127,med,med,3,more,small,high,acc,2,2,1,2,2,0,acc
1128,med,med,3,more,med,low,unacc,2,2,1,2,1,1,unacc
1129,med,med,3,more,med,med,acc,2,2,1,2,1,2,acc
1130,med,med,3,more,med,high,vgood,2,2,1,2,1,0,acc
1131,med,med,3,more,big,low,unacc,2,2,1,2,0,1,unacc
1132,med,med,3,more,big,med,acc,2,2,1,2,0,2,acc
1133,med,med,3,more,big,high,vgood,2,2,1,2,0,0,vgood
1134,med,med,4,2,small,low,unacc,2,2,2,0,2,1,unacc
1135,med,med,4,2,small,med,unacc,2,2,2,0,2,2,unacc
1136,med,med,4,2,small,high,unacc,2,2,2,0,2,0,unacc
1137,med,med,4,2,med,low,unacc,2,2,2,0,1,1,unacc
1138,med,med,4,2,med,med,unacc,2,2,2,0,1,2,unacc
1139,med,med,4,2,med,high,unacc,2,2,2,0,1,0,unacc
1140,med,med,4,2,big,low,unacc,2,2,2,0,0,1,unacc
1141,med,med,4,2,big,med,unacc,2,2,2,0,0,2,unacc
1142,med,med,4,2,big,high,unacc,2,2,2,0,0,0,unacc
1143,med,med,4,4,small,low,unacc,2,2,2,1,2,1,unacc
1144,med,med,4,4,small,med,acc,2,2,2,1,2,2,acc
1145,med,med,4,4,small,high,acc,2,2,2,1,2,0,acc
1146,med,med,4,4,med,low,unacc,2,2,2,1,1,1,unacc
1147,med,med,4,4,med,med,acc,2,2,2,1,1,2,acc
1148,med,med,4,4,med,high,vgood,2,2,2,1,1,0,acc
1149,med,med,4,4,big,low,unacc,2,2,2,1,0,1,unacc
1150,med,med,4,4,big,med,acc,2,2,2,1,0,2,acc
1151,med,med,4,4,big,high,vgood,2,2,2,1,0,0,vgood
1152,med,med,4,more,small,low,unacc,2,2,2,2,2,1,unacc
1153,med,med,4,more,small,med,acc,2,2,2,2,2,2,unacc
1154,med,med,4,more,small,high,acc,2,2,2,2,2,0,acc
1155,med,med,4,more,med,low,unacc,2,2,2,2,1,1,unacc
1156,med,med,4,more,med,med,acc,2,2,2,2,1,2,acc
1157,med,med,4,more,med,high,vgood,2,2,2,2,1,0,vgood
1158,med,med,4,more,big,low,unacc,2,2,2,2,0,1,unacc
1159,med,med,4,more,big,med,acc,2,2,2,2,0,2,acc
1160,med,med,4,more,big,high,vgood,2,2,2,2,0,0,vgood
1161,med,med,5more,2,small,low,unacc,2,2,3,0,2,1,unacc
1162,med,med,5more,2,small,med,unacc,2,2,3,0,2,2,unacc
1163,med,med,5more,2,small,high,unacc,2,2,3,0,2,0,unacc
1164,med,med,5more,2,med,low,unacc,2,2,3,0,1,1,unacc
1165,med,med,5more,2,med,med,unacc,2,2,3,0,1,2,unacc
1166,med,med,5more,2,med,high,unacc,2,2,3,0,1,0,unacc
1167,med,med,5more,2,big,low,unacc,2,2,3,0,0,1,unacc
1168,med,med,5more,2,big,med,unacc,2,2,3,0,0,2,unacc
1169,med,med,5more,2,big,high,unacc,2,2,3,0,0,0,unacc
1170,med,med,5more,4,small,low,unacc,2,2,3,1,2,1,unacc
1171,med,med,5more,4,small,med,acc,2,2,3,1,2,2,unacc
1172,med,med,5more,4,small,high,acc,2,2,3,1,2,0,acc
1173,med,med,5more,4,med,low,unacc,2,2,3,1,1,1,unacc
1174,med,med,5more,4,med,med,acc,2,2,3,1,1,2,acc
1175,med,med,5more,4,med,high,vgood,2,2,3,1,1,0,vgood
1176,med,med,5more,4,big,low,unacc,2,2,3,1,0,1,unacc
1177,med,med,5more,4,big,med,acc,2,2,3,1,0,2,acc
1178,med,med,5more,4,big,high,vgood,2,2,3,1,0,0,vgood
1179,med,med,5more,more,small,low,unacc,2,2,3,2,2,1,unacc
1180,med,med,5more,more,small,med,acc,2,2,3,2,2,2,acc
1181,med,med,5more,more,small,high,acc,2,2,3,2,2,0,acc
1182,med,med,5more,more,med,low,unacc,2,2,3,2,1,1,unacc
1183,med,med,5more,more,med,med,acc,2,2,3,2,1,2,acc
1184,med,med,5more,more,med,high,vgood,2,2,3,2,1,0,acc
1185,med,med,5more,more,big,low,unacc,2,2,3,2,0,1,unacc
1186,med,med,5more,more,big,med,acc,2,2,3,2,0,2,acc
1187,med,med,5more,more,big,high,vgood,2,2,3,2,0,0,vgood
1188,med,low,2,2,small,low,unacc,2,1,0,0,2,1,unacc
1189,med,low,2,2,small,med,unacc,2,1,0,0,2,2,unacc
1190,med,low,2,2,small,high,unacc,2,1,0,0,2,0,unacc
1191,med,low,2,2,med,low,unacc,2,1,0,0,1,1,unacc
1192,med,low,2,2,med,med,unacc,2,1,0,0,1,2,unacc
1193,med,low,2,2,med,high,unacc,2,1,0,0,1,0,unacc
1194,med,low,2,2,big,low,unacc,2,1,0,0,0,1,unacc
1195,med,low,2,2,big,med,unacc,2,1,0,0,0,2,unacc
1196,med,low,2,2,big,high,unacc,2,1,0,0,0,0,unacc
1197,med,low,2,4,small,low,unacc,2,1,0,1,2,1,unacc
1198,med,low,2,4,small,med,acc,2,1,0,1,2,2,unacc
1199,med,low,2,4,small,high,good,2,1,0,1,2,0,acc
1200,med,low,2,4,med,low,unacc,2,1,0,1,1,1,unacc
1201,med,low,2,4,med,med,acc,2,1,0,1,1,2,unacc
1202,med,low,2,4,med,high,good,2,1,0,1,1,0,acc
1203,med,low,2,4,big,low,unacc,2,1,0,1,0,1,unacc
1204,med,low,2,4,big,med,good,2,1,0,1,0,2,acc
1205,med,low,2,4,big,high,vgood,2,1,0,1,0,0,acc
1206,med,low,2,more,small,low,unacc,2,1,0,2,2,1,unacc
1207,med,low,2,more,small,med,unacc,2,1,0,2,2,2,unacc
1208,med,low,2,more,small,high,unacc,2,1,0,2,2,0,unacc
1209,med,low,2,more,med,low,unacc,2,1,0,2,1,1,unacc
1210,med,low,2,more,med,med,acc,2,1,0,2,1,2,acc
1211,med,low,2,more,med,high,good,2,1,0,2,1,0,unacc
1212,med,low,2,more,big,low,unacc,2,1,0,2,0,1,unacc
1213,med,low,2,more,big,med,good,2,1,0,2,0,2,acc
1214,med,low,2,more,big,high,vgood,2,1,0,2,0,0,vgood
1215,med,low,3,2,small,low,unacc,2,1,1,0,2,1,unacc
1216,med,low,3,2,small,med,unacc,2,1,1,0,2,2,unacc
1217,med,low,3,2,small,high,unacc,2,1,1,0,2,0,unacc
1218,med,low,3,2,med,low,unacc,2,1,1,0,1,1,unacc
1219,med,low,3,2,med,med,unacc,2,1,1,0,1,2,unacc
1220,med,low,3,2,med,high,unacc,2,1,1,0,1,0,unacc
1221,med,low,3,2,big,low,unacc,2,1,1,0,0,1,unacc
1222,med,low,3,2,big,med,unacc,2,1,1,0,0,2,unacc
1223,med,low,3,2,big,high,unacc,2,1,1,0,0,0,unacc
1224,med,low,3,4,small,low,unacc,2,1,1,1,2,1,unacc
1225,med,low,3,4,small,med,acc,2,1,1,1,2,2,unacc
1226,med,low,3,4,small,high,good,2,1,1,1,2,0,good
1227,med,low,3,4,med,low,unacc,2,1,1,1,1,1,unacc
1228,med,low,3,4,med,med,acc,2,1,1,1,1,2,unacc
1229,med,low,3,4,med,high,good,2,1,1,1,1,0,acc
1230,med,low,3,4,big,low,unacc,2,1,1,1,0,1,unacc
1231,med,low,3,4,big,med,good,2,1,1,1,0,2,acc
1232,med,low,3,4,big,high,vgood,2,1,1,1,0,0,vgood
1233,med,low,3,more,small,low,unacc,2,1,1,2,2,1,unacc
1234,med,low,3,more,small,med,acc,2,1,1,2,2,2,unacc
1235,med,low,3,more,small,high,good,2,1,1,2,2,0,good
1236,med,low,3,more,med,low,unacc,2,1,1,2,1,1,unacc
1237,med,low,3,more,med,med,good,2,1,1,2,1,2,acc
1238,med,low,3,more,med,high,vgood,2,1,1,2,1,0,vgood
1239,med,low,3,more,big,low,unacc,2,1,1,2,0,1,unacc
1240,med,low,3,more,big,med,good,2,1,1,2,0,2,good
1241,med,low,3,more,big,high,vgood,2,1,1,2,0,0,vgood
1242,med,low,4,2,small,low,unacc,2,1,2,0,2,1,unacc
1243,med,low,4,2,small,med,unacc,2,1,2,0,2,2,unacc
1244,med,low,4,2,small,high,unacc,2,1,2,0,2,0,unacc
1245,med,low,4,2,med,low,unacc,2,1,2,0,1,1,unacc
1246,med,low,4,2,med,med,unacc,2,1,2,0,1,2,unacc
1247,med,low,4,2,med,high,unacc,2,1,2,0,1,0,unacc
1248,med,low,4,2,big,low,unacc,2,1,2,0,0,1,unacc
1249,med,low,4,2,big,med,unacc,2,1,2,0,0,2,unacc
1250,med,low,4,2,big,high,unacc,2,1,2,0,0,0,unacc
1251,med,low,4,4,small,low,unacc,2,1,2,1,2,1,unacc
1252,med,low,4,4,small,med,acc,2,1,2,1,2,2,acc
1253,med,low,4,4,small,high,good,2,1,2,1,2,0,good
1254,med,low,4,4,med,low,unacc,2,1,2,1,1,1,unacc
1255,med,low,4,4,med,med,good,2,1,2,1,1,2,acc
1256,med,low,4,4,med,high,vgood,2,1,2,1,1,0,unacc
1257,med,low,4,4,big,low,unacc,2,1,2,1,0,1,unacc
1258,med,low,4,4,big,med,good,2,1,2,1,0,2,good
1259,med,low,4,4,big,high,vgood,2,1,2,1,0,0,vgood
1260,med,low,4,more,small,low,unacc,2,1,2,2,2,1,unacc
1261,med,low,4,more,small,med,acc,2,1,2,2,2,2,acc
1262,med,low,4,more,small,high,good,2,1,2,2,2,0,good
1263,med,low,4,more,med,low,unacc,2,1,2,2,1,1,unacc
1264,med,low,4,more,med,med,good,2,1,2,2,1,2,good
1265,med,low,4,more,med,high,vgood,2,1,2,2,1,0,vgood
1266,med,low,4,more,big,low,unacc,2,1,2,2,0,1,unacc
1267,med,low,4,more,big,med,good,2,1,2,2,0,2,good
1268,med,low,4,more,big,high,vgood,2,1,2,2,0,0,vgood
1269,med,low,5more,2,small,low,unacc,2,1,3,0,2,1,unacc
1270,med,low,5more,2,small,med,unacc,2,1,3,0,2,2,unacc
1271,med,low,5more,2,small,high,unacc,2,1,3,0,2,0,unacc
1272,med,low,5more,2,med,low,unacc,2,1,3,0,1,1,unacc
1273,med,low,5more,2,med,med,unacc,2,1,3,0,1,2,unacc
1274,med,low,5more,2,med,high,unacc,2,1,3,0,1,0,unacc
1275,med,low,5more,2,big,low,unacc,2,1,3,0,0,1,unacc
1276,med,low,5more,2,big,med,unacc,2,1,3,0,0,2,unacc
1277,med,low,5more,2,big,high,unacc,2,1,3,0,0,0,unacc
1278,med,low,5more,4,small,low,unacc,2,1,3,1,2,1,unacc
1279,med,low,5more,4,small,med,acc,2,1,3,1,2,2,unacc
1280,med,low,5more,4,small,high,good,2,1,3,1,2,0,good
1281,med,low,5more,4,med,low,unacc,2,1,3,1,1,1,unacc
1282,med,low,5more,4,med,med,good,2,1,3,1,1,2,acc
1283,med,low,5more,4,med,high,vgood,2,1,3,1,1,0,vgood
1284,med,low,5more,4,big,low,unacc,2,1,3,1,0,1,unacc
1285,med,low,5more,4,big,med,good,2,1,3,1,0,2,acc
1286,med,low,5more,4,big,high,vgood,2,1,3,1,0,0,vgood
1287,med,low,5more,more,small,low,unacc,2,1,3,2,2,1,unacc
1288,med,low,5more,more,small,med,acc,2,1,3,2,2,2,acc
1289,med,low,5more,more,small,high,good,2,1,3,2,2,0,good
1290,med,low,5more,more,med,low,unacc,2,1,3,2,1,1,unacc
1291,med,low,5more,more,med,med,good,2,1,3,2,1,2,acc
1292,med,low,5more,more,med,high,vgood,2,1,3,2,1,0,vgood
1293,med,low,5more,more,big,low,unacc,2,1,3,2,0,1,unacc
1294,med,low,5more,more,big,med,good,2,1,3,2,0,2,acc
1295,med,low,5more,more,big,high,vgood,2,1,3,2,0,0,vgood
1296,low,vhigh,2,2,small,low,unacc,1,3,0,0,2,1,unacc
1297,low,vhigh,2,2,small,med,unacc,1,3,0,0,2,2,unacc
1298,low,vhigh,2,2,small,high,unacc,1,3,0,0,2,0,unacc
1299,low,vhigh,2,2,med,low,unacc,1,3,0,0,1,1,unacc
1300,low,vhigh,2,2,med,med,unacc,1,3,0,0,1,2,unacc
1301,low,vhigh,2,2,med,high,unacc,1,3,0,0,1,0,unacc
1302,low,vhigh,2,2,big,low,unacc,1,3,0,0,0,1,unacc
1303,low,vhigh,2,2,big,med,unacc,1,3,0,0,0,2,unacc
1304,low,vhigh,2,2,big,high,unacc,1,3,0,0,0,0,unacc
1305,low,vhigh,2,4,small,low,unacc,1,3,0,1,2,1,unacc
1306,low,vhigh,2,4,small,med,unacc,1,3,0,1,2,2,unacc
1307,low,vhigh,2,4,small,high,acc,1,3,0,1,2,0,acc
1308,low,vhigh,2,4,med,low,unacc,1,3,0,1,1,1,unacc
1309,low,vhigh,2,4,med,med,unacc,1,3,0,1,1,2,unacc
1310,low,vhigh,2,4,med,high,acc,1,3,0,1,1,0,acc
1311,low,vhigh,2,4,big,low,unacc,1,3,0,1,0,1,unacc
1312,low,vhigh,2,4,big,med,acc,1,3,0,1,0,2,acc
1313,low,vhigh,2,4,big,high,acc,1,3,0,1,0,0,unacc
1314,low,vhigh,2,more,small,low,unacc,1,3,0,2,2,1,unacc
1315,low,vhigh,2,more,small,med,unacc,1,3,0,2,2,2,unacc
1316,low,vhigh,2,more,small,high,unacc,1,3,0,2,2,0,unacc
1317,low,vhigh,2,more,med,low,unacc,1,3,0,2,1,1,unacc
1318,low,vhigh,2,more,med,med,unacc,1,3,0,2,1,2,acc
1319,low,vhigh,2,more,med,high,acc,1,3,0,2,1,0,acc
1320,low,vhigh,2,more,big,low,unacc,1,3,0,2,0,1,unacc
1321,low,vhigh,2,more,big,med,acc,1,3,0,2,0,2,acc
1322,low,vhigh,2,more,big,high,acc,1,3,0,2,0,0,acc
1323,low,vhigh,3,2,small,low,unacc,1,3,1,0,2,1,unacc
1324,low,vhigh,3,2,small,med,unacc,1,3,1,0,2,2,unacc
1325,low,vhigh,3,2,small,high,unacc,1,3,1,0,2,0,unacc
1326,low,vhigh,3,2,med,low,unacc,1,3,1,0,1,1,unacc
1327,low,vhigh,3,2,med,med,unacc,1,3,1,0,1,2,unacc
1328,low,vhigh,3,2,med,high,unacc,1,3,1,0,1,0,unacc
1329,low,vhigh,3,2,big,low,unacc,1,3,1,0,0,1,unacc
1330,low,vhigh,3,2,big,med,unacc,1,3,1,0,0,2,unacc
1331,low,vhigh,3,2,big,high,unacc,1,3,1,0,0,0,unacc
1332,low,vhigh,3,4,small,low,unacc,1,3,1,1,2,1,unacc
1333,low,vhigh,3,4,small,med,unacc,1,3,1,1,2,2,unacc
1334,low,vhigh,3,4,small,high,acc,1,3,1,1,2,0,acc
1335,low,vhigh,3,4,med,low,unacc,1,3,1,1,1,1,unacc
1336,low,vhigh,3,4,med,med,unacc,1,3,1,1,1,2,unacc
1337,low,vhigh,3,4,med,high,acc,1,3,1,1,1,0,unacc
1338,low,vhigh,3,4,big,low,unacc,1,3,1,1,0,1,unacc
1339,low,vhigh,3,4,big,med,acc,1,3,1,1,0,2,unacc
1340,low,vhigh,3,4,big,high,acc,1,3,1,1,0,0,acc
1341,low,vhigh,3,more,small,low,unacc,1,3,1,2,2,1,unacc
1342,low,vhigh,3,more,small,med,unacc,1,3,1,2,2,2,unacc
1343,low,vhigh,3,more,small,high,acc,1,3,1,2,2,0,acc
1344,low,vhigh,3,more,med,low,unacc,1,3,1,2,1,1,unacc
1345,low,vhigh,3,more,med,med,acc,1,3,1,2,1,2,acc
1346,low,vhigh,3,more,med,high,acc,1,3,1,2,1,0,acc
1347,low,vhigh,3,more,big,low,unacc,1,3,1,2,0,1,unacc
1348,low,vhigh,3,more,big,med,acc,1,3,1,2,0,2,acc
1349,low,vhigh,3,more,big,high,acc,1,3,1,2,0,0,acc
1350,low,vhigh,4,2,small,low,unacc,1,3,2,0,2,1,unacc
1351,low,vhigh,4,2,small,med,unacc,1,3,2,0,2,2,unacc
1352,low,vhigh,4,2,small,high,unacc,1,3,2,0,2,0,unacc
1353,low,vhigh,4,2,med,low,unacc,1,3,2,0,1,1,unacc
1354,low,vhigh,4,2,med,med,unacc,1,3,2,0,1,2,unacc
1355,low,vhigh,4,2,med,high,unacc,1,3,2,0,1,0,unacc
1356,low,vhigh,4,2,big,low,unacc,1,3,2,0,0,1,unacc
1357,low,vhigh,4,2,big,med,unacc,1,3,2,0,0,2,unacc
1358,low,vhigh,4,2,big,high,unacc,1,3,2,0,0,0,unacc
1359,low,vhigh,4,4,small,low,unacc,1,3,2,1,2,1,unacc
1360,low,vhigh,4,4,small,med,unacc,1,3,2,1,2,2,unacc
1361,low,vhigh,4,4,small,high,acc,1,3,2,1,2,0,acc
1362,low,vhigh,4,4,med,low,unacc,1,3,2,1,1,1,unacc
1363,low,vhigh,4,4,med,med,acc,1,3,2,1,1,2,unacc
1364,low,vhigh,4,4,med,high,acc,1,3,2,1,1,0,unacc
1365,low,vhigh,4,4,big,low,unacc,1,3,2,1,0,1,unacc
1366,low,vhigh,4,4,big,med,acc,1,3,2,1,0,2,acc
1367,low,vhigh,4,4,big,high,acc,1,3,2,1,0,0,unacc
1368,low,vhigh,4,more,small,low,unacc,1,3,2,2,2,1,unacc
1369,low,vhigh,4,more,small,med,unacc,1,3,2,2,2,2,unacc
1370,low,vhigh,4,more,small,high,acc,1,3,2,2,2,0,acc
1371,low,vhigh,4,more,med,low,unacc,1,3,2,2,1,1,unacc
1372,low,vhigh,4,more,med,med,acc,1,3,2,2,1,2,acc
1373,low,vhigh,4,more,med,high,acc,1,3,2,2,1,0,acc
1374,low,vhigh,4,more,big,low,unacc,1,3,2,2,0,1,unacc
1375,low,vhigh,4,more,big,med,acc,1,3,2,2,0,2,acc
1376,low,vhigh,4,more,big,high,acc,1,3,2,2,0,0,acc
1377,low,vhigh,5more,2,small,low,unacc,1,3,3,0,2,1,unacc
1378,low,vhigh,5more,2,small,med,unacc,1,3,3,0,2,2,unacc
1379,low,vhigh,5more,2,small,high,unacc,1,3,3,0,2,0,unacc
1380,low,vhigh,5more,2,med,low,unacc,1,3,3,0,1,1,unacc
1381,low,vhigh,5more,2,med,med,unacc,1,3,3,0,1,2,unacc
1382,low,vhigh,5more,2,med,high,unacc,1,3,3,0,1,0,unacc
1383,low,vhigh,5more,2,big,low,unacc,1,3,3,0,0,1,unacc
1384,low,vhigh,5more,2,big,med,unacc,1,3,3,0,0,2,unacc
1385,low,vhigh,5more,2,big,high,unacc,1,3,3,0,0,0,unacc
1386,low,vhigh,5more,4,small,low,unacc,1,3,3,1,2,1,unacc
1387,low,vhigh,5more,4,small,med,unacc,1,3,3,1,2,2,unacc
1388,low,vhigh,5more,4,small,high,acc,1,3,3,1,2,0,acc
1389,low,vhigh,5more,4,med,low,unacc,1,3,3,1,1,1,unacc
1390,low,vhigh,5more,4,med,med,acc,1,3,3,1,1,2,unacc
1391,low,vhigh,5more,4,med,high,acc,1,3,3,1,1,0,acc
1392,low,vhigh,5more,4,big,low,unacc,1,3,3,1,0,1,unacc
1393,low,vhigh,5more,4,big,med,acc,1,3,3,1,0,2,acc
1394,low,vhigh,5more,4,big,high,acc,1,3,3,1,0,0,acc
1395,low,vhigh,5more,more,small,low,unacc,1,3,3,2,2,1,unacc
1396,low,vhigh,5more,more,small,med,unacc,1,3,3,2,2,2,unacc
1397,low,vhigh,5more,more,small,high,acc,1,3,3,2,2,0,acc
1398,low,vhigh,5more,more,med,low,unacc,1,3,3,2,1,1,unacc
1399,low,vhigh,5more,more,med,med,acc,1,3,3,2,1,2,acc
1400,low,vhigh,5more,more,med,high,acc,1,3,3,2,1,0,acc
1401,low,vhigh,5more,more,big,low,unacc,1,3,3,2,0,1,unacc
1402,low,vhigh,5more,more,big,med,acc,1,3,3,2,0,2,acc
1403,low,vhigh,5more,more,big,high,acc,1,3,3,2,0,0,acc
1404,low,high,2,2,small,low,unacc,1,0,0,0,2,1,unacc
1405,low,high,2,2,small,med,unacc,1,0,0,0,2,2,unacc
1406,low,high,2,2,small,high,unacc,1,0,0,0,2,0,unacc
1407,low,high,2,2,med,low,unacc,1,0,0,0,1,1,unacc
1408,low,high,2,2,med,med,unacc,1,0,0,0,1,2,unacc
1409,low,high,2,2,med,high,unacc,1,0,0,0,1,0,unacc
1410,low,high,2,2,big,low,unacc,1,0,0,0,0,1,unacc
1411,low,high,2,2,big,med,unacc,1,0,0,0,0,2,unacc
1412,low,high,2,2,big,high,unacc,1,0,0,0,0,0,unacc
1413,low,high,2,4,small,low,unacc,1,0,0,1,2,1,unacc
1414,low,high,2,4,small,med,acc,1,0,0,1,2,2,acc
1415,low,high,2,4,small,high,acc,1,0,0,1,2,0,acc
1416,low,high,2,4,med,low,unacc,1,0,0,1,1,1,unacc
1417,low,high,2,4,med,med,acc,1,0,0,1,1,2,acc
1418,low,high,2,4,med,high,acc,1,0,0,1,1,0,acc
1419,low,high,2,4,big,low,unacc,1,0,0,1,0,1,unacc
1420,low,high,2,4,big,med,acc,1,0,0,1,0,2,acc
1421,low,high,2,4,big,high,vgood,1,0,0,1,0,0,unacc
1422,low,high,2,more,small,low,unacc,1,0,0,2,2,1,unacc
1423,low,high,2,more,small,med,unacc,1,0,0,2,2,2,unacc
1424,low,high,2,more,small,high,unacc,1,0,0,2,2,0,acc
1425,low,high,2,more,med,low,unacc,1,0,0,2,1,1,unacc
1426,low,high,2,more,med,med,acc,1,0,0,2,1,2,unacc
1427,low,high,2,more,med,high,acc,1,0,0,2,1,0,acc
1428,low,high,2,more,big,low,unacc,1,0,0,2,0,1,unacc
1429,low,high,2,more,big,med,acc,1,0,0,2,0,2,acc
1430,low,high,2,more,big,high,vgood,1,0,0,2,0,0,vgood
1431,low,high,3,2,small,low,unacc,1,0,1,0,2,1,unacc
1432,low,high,3,2,small,med,unacc,1,0,1,0,2,2,unacc
1433,low,high,3,2,small,high,unacc,1,0,1,0,2,0,unacc
1434,low,high,3,2,med,low,unacc,1,0,1,0,1,1,unacc
1435,low,high,3,2,med,med,unacc,1,0,1,0,1,2,unacc
1436,low,high,3,2,med,high,unacc,1,0,1,0,1,0,unacc
1437,low,high,3,2,big,low,unacc,1,0,1,0,0,1,unacc
1438,low,high,3,2,big,med,unacc,1,0,1,0,0,2,unacc
1439,low,high,3,2,big,high,unacc,1,0,1,0,0,0,unacc
1440,low,high,3,4,small,low,unacc,1,0,1,1,2,1,unacc
1441,low,high,3,4,small,med,acc,1,0,1,1,2,2,acc
1442,low,high,3,4,small,high,acc,1,0,1,1,2,0,acc
1443,low,high,3,4,med,low,unacc,1,0,1,1,1,1,unacc
1444,low,high,3,4,med,med,acc,1,0,1,1,1,2,acc
1445,low,high,3,4,med,high,acc,1,0,1,1,1,0,acc
1446,low,high,3,4,big,low,unacc,1,0,1,1,0,1,unacc
1447,low,high,3,4,big,med,acc,1,0,1,1,0,2,acc
1448,low,high,3,4,big,high,vgood,1,0,1,1,0,0,unacc
1449,low,high,3,more,small,low,unacc,1,0,1,2,2,1,unacc
1450,low,high,3,more,small,med,acc,1,0,1,2,2,2,acc
1451,low,high,3,more,small,high,acc,1,0,1,2,2,0,acc
1452,low,high,3,more,med,low,unacc,1,0,1,2,1,1,unacc
1453,low,high,3,more,med,med,acc,1,0,1,2,1,2,acc
1454,low,high,3,more,med,high,vgood,1,0,1,2,1,0,acc
1455,low,high,3,more,big,low,unacc,1,0,1,2,0,1,unacc
1456,low,high,3,more,big,med,acc,1,0,1,2,0,2,acc
1457,low,high,3,more,big,high,vgood,1,0,1,2,0,0,vgood
1458,low,high,4,2,small,low,unacc,1,0,2,0,2,1,unacc
1459,low,high,4,2,small,med,unacc,1,0,2,0,2,2,unacc
1460,low,high,4,2,small,high,unacc,1,0,2,0,2,0,unacc
1461,low,high,4,2,med,low,unacc,1,0,2,0,1,1,unacc
1462,low,high,4,2,med,med,unacc,1,0,2,0,1,2,unacc
1463,low,high,4,2,med,high,unacc,1,0,2,0,1,0,unacc
1464,low,high,4,2,big,low,unacc,1,0,2,0,0,1,unacc
1465,low,high,4,2,big,med,unacc,1,0,2,0,0,2,unacc
1466,low,high,4,2,big,high,unacc,1,0,2,0,0,0,unacc
1467,low,high,4,4,small,low,unacc,1,0,2,1,2,1,unacc
1468,low,high,4,4,small,med,acc,1,0,2,1,2,2,unacc
1469,low,high,4,4,small,high,acc,1,0,2,1,2,0,acc
1470,low,high,4,4,med,low,unacc,1,0,2,1,1,1,unacc
1471,low,high,4,4,med,med,acc,1,0,2,1,1,2,acc
1472,low,high,4,4,med,high,vgood,1,0,2,1,1,0,acc
1473,low,high,4,4,big,low,unacc,1,0,2,1,0,1,unacc
1474,low,high,4,4,big,med,acc,1,0,2,1,0,2,acc
1475,low,high,4,4,big,high,vgood,1,0,2,1,0,0,vgood
1476,low,high,4,more,small,low,unacc,1,0,2,2,2,1,unacc
1477,low,high,4,more,small,med,acc,1,0,2,2,2,2,acc
1478,low,high,4,more,small,high,acc,1,0,2,2,2,0,acc
1479,low,high,4,more,med,low,unacc,1,0,2,2,1,1,unacc
1480,low,high,4,more,med,med,acc,1,0,2,2,1,2,acc
1481,low,high,4,more,med,high,vgood,1,0,2,2,1,0,vgood
1482,low,high,4,more,big,low,unacc,1,0,2,2,0,1,unacc
1483,low,high,4,more,big,med,acc,1,0,2,2,0,2,acc
1484,low,high,4,more,big,high,vgood,1,0,2,2,0,0,vgood
1485,low,high,5more,2,small,low,unacc,1,0,3,0,2,1,unacc
1486,low,high,5more,2,small,med,unacc,1,0,3,0,2,2,unacc
1487,low,high,5more,2,small,high,unacc,1,0,3,0,2,0,unacc
1488,low,high,5more,2,med,low,unacc,1,0,3,0,1,1,unacc
1489,low,high,5more,2,med,med,unacc,1,0,3,0,1,2,unacc
1490,low,high,5more,2,med,high,unacc,1,0,3,0,1,0,unacc
1491,low,high,5more,2,big,low,unacc,1,0,3,0,0,1,unacc
1492,low,high,5more,2,big,med,unacc,1,0,3,0,0,2,unacc
1493,low,high,5more,2,big,high,unacc,1,0,3,0,0,0,unacc
1494,low,high,5more,4,small,low,unacc,1,0,3,1,2,1,unacc
1495,low,high,5more,4,small,med,acc,1,0,3,1,2,2,unacc
1496,low,high,5more,4,small,high,acc,1,0,3,1,2,0,acc
1497,low,high,5more,4,med,low,unacc,1,0,3,1,1,1,unacc
1498,low,high,5more,4,med,med,acc,1,0,3,1,1,2,acc
1499,low,high,5more,4,med,high,vgood,1,0,3,1,1,0,vgood
1500,low,high,5more,4,big,low,unacc,1,0,3,1,0,1,unacc
1501,low,high,5more,4,big,med,acc,1,0,3,1,0,2,acc
1502,low,high,5more,4,big,high,vgood,1,0,3,1,0,0,vgood
1503,low,high,5more,more,small,low,unacc,1,0,3,2,2,1,unacc
1504,low,high,5more,more,small,med,acc,1,0,3,2,2,2,acc
1505,low,high,5more,more,small,high,acc,1,0,3,2,2,0,acc
1506,low,high,5more,more,med,low,unacc,1,0,3,2,1,1,unacc
1507,low,high,5more,more,med,med,acc,1,0,3,2,1,2,acc
1508,low,high,5more,more,med,high,vgood,1,0,3,2,1,0,acc
1509,low,high,5more,more,big,low,unacc,1,0,3,2,0,1,unacc
1510,low,high,5more,more,big,med,acc,1,0,3,2,0,2,acc
1511,low,high,5more,more,big,high,vgood,1,0,3,2,0,0,vgood
1512,low,med,2,2,small,low,unacc,1,2,0,0,2,1,unacc
1513,low,med,2,2,small,med,unacc,1,2,0,0,2,2,unacc
1514,low,med,2,2,small,high,unacc,1,2,0,0,2,0,unacc
1515,low,med,2,2,med,low,unacc,1,2,0,0,1,1,unacc
1516,low,med,2,2,med,med,unacc,1,2,0,0,1,2,unacc
1517,low,med,2,2,med,high,unacc,1,2,0,0,1,0,unacc
1518,low,med,2,2,big,low,unacc,1,2,0,0,0,1,unacc
1519,low,med,2,2,big,med,unacc,1,2,0,0,0,2,unacc
1520,low,med,2,2,big,high,unacc,1,2,0,0,0,0,unacc
1521,low,med,2,4,small,low,unacc,1,2,0,1,2,1,unacc
1522,low,med,2,4,small,med,acc,1,2,0,1,2,2,acc
1523,low,med,2,4,small,high,good,1,2,0,1,2,0,good
1524,low,med,2,4,med,low,unacc,1,2,0,1,1,1,unacc
1525,low,med,2,4,med,med,acc,1,2,0,1,1,2,acc
1526,low,med,2,4,med,high,good,1,2,0,1,1,0,good
1527,low,med,2,4,big,low,unacc,1,2,0,1,0,1,unacc
1528,low,med,2,4,big,med,good,1,2,0,1,0,2,acc
1529,low,med,2,4,big,high,vgood,1,2,0,1,0,0,vgood
1530,low,med,2,more,small,low,unacc,1,2,0,2,2,1,unacc
1531,low,med,2,more,small,med,unacc,1,2,0,2,2,2,unacc
1532,low,med,2,more,small,high,unacc,1,2,0,2,2,0,unacc
1533,low,med,2,more,med,low,unacc,1,2,0,2,1,1,unacc
1534,low,med,2,more,med,med,acc,1,2,0,2,1,2,acc
1535,low,med,2,more,med,high,good,1,2,0,2,1,0,unacc
1536,low,med,2,more,big,low,unacc,1,2,0,2,0,1,unacc
1537,low,med,2,more,big,med,good,1,2,0,2,0,2,acc
1538,low,med,2,more,big,high,vgood,1,2,0,2,0,0,vgood
1539,low,med,3,2,small,low,unacc,1,2,1,0,2,1,unacc
1540,low,med,3,2,small,med,unacc,1,2,1,0,2,2,unacc
1541,low,med,3,2,small,high,unacc,1,2,1,0,2,0,unacc
1542,low,med,3,2,med,low,unacc,1,2,1,0,1,1,unacc
1543,low,med,3,2,med,med,unacc,1,2,1,0,1,2,unacc
1544,low,med,3,2,med,high,unacc,1,2,1,0,1,0,unacc
1545,low,med,3,2,big,low,unacc,1,2,1,0,0,1,unacc
1546,low,med,3,2,big,med,unacc,1,2,1,0,0,2,unacc
1547,low,med,3,2,big,high,unacc,1,2,1,0,0,0,unacc
1548,low,med,3,4,small,low,unacc,1,2,1,1,2,1,unacc
1549,low,med,3,4,small,med,acc,1,2,1,1,2,2,acc
1550,low,med,3,4,small,high,good,1,2,1,1,2,0,good
1551,low,med,3,4,med,low,unacc,1,2,1,1,1,1,unacc
1552,low,med,3,4,med,med,acc,1,2,1,1,1,2,acc
1553,low,med,3,4,med,high,good,1,2,1,1,1,0,good
1554,low,med,3,4,big,low,unacc,1,2,1,1,0,1,unacc
1555,low,med,3,4,big,med,good,1,2,1,1,0,2,acc
1556,low,med,3,4,big,high,vgood,1,2,1,1,0,0,unacc
1557,low,med,3,more,small,low,unacc,1,2,1,2,2,1,unacc
1558,low,med,3,more,small,med,acc,1,2,1,2,2,2,acc
1559,low,med,3,more,small,high,good,1,2,1,2,2,0,acc
1560,low,med,3,more,med,low,unacc,1,2,1,2,1,1,unacc
1561,low,med,3,more,med,med,good,1,2,1,2,1,2,acc
1562,low,med,3,more,med,high,vgood,1,2,1,2,1,0,acc
1563,low,med,3,more,big,low,unacc,1,2,1,2,0,1,unacc
1564,low,med,3,more,big,med,good,1,2,1,2,0,2,good
1565,low,med,3,more,big,high,vgood,1,2,1,2,0,0,vgood
1566,low,med,4,2,small,low,unacc,1,2,2,0,2,1,unacc
1567,low,med,4,2,small,med,unacc,1,2,2,0,2,2,unacc
1568,low,med,4,2,small,high,unacc,1,2,2,0,2,0,unacc
1569,low,med,4,2,med,low,unacc,1,2,2,0,1,1,unacc
1570,low,med,4,2,med,med,unacc,1,2,2,0,1,2,unacc
1571,low,med,4,2,med,high,unacc,1,2,2,0,1,0,unacc
1572,low,med,4,2,big,low,unacc,1,2,2,0,0,1,unacc
1573,low,med,4,2,big,med,unacc,1,2,2,0,0,2,unacc
1574,low,med,4,2,big,high,unacc,1,2,2,0,0,0,unacc
1575,low,med,4,4,small,low,unacc,1,2,2,1,2,1,unacc
1576,low,med,4,4,small,med,acc,1,2,2,1,2,2,acc
1577,low,med,4,4,small,high,good,1,2,2,1,2,0,acc
1578,low,med,4,4,med,low,unacc,1,2,2,1,1,1,unacc
1579,low,med,4,4,med,med,good,1,2,2,1,1,2,acc
1580,low,med,4,4,med,high,vgood,1,2,2,1,1,0,unacc
1581,low,med,4,4,big,low,unacc,1,2,2,1,0,1,unacc
1582,low,med,4,4,big,med,good,1,2,2,1,0,2,good
1583,low,med,4,4,big,high,vgood,1,2,2,1,0,0,vgood
1584,low,med,4,more,small,low,unacc,1,2,2,2,2,1,unacc
1585,low,med,4,more,small,med,acc,1,2,2,2,2,2,acc
1586,low,med,4,more,small,high,good,1,2,2,2,2,0,good
1587,low,med,4,more,med,low,unacc,1,2,2,2,1,1,unacc
1588,low,med,4,more,med,med,good,1,2,2,2,1,2,acc
1589,low,med,4,more,med,high,vgood,1,2,2,2,1,0,vgood
1590,low,med,4,more,big,low,unacc,1,2,2,2,0,1,unacc
1591,low,med,4,more,big,med,good,1,2,2,2,0,2,good
1592,low,med,4,more,big,high,vgood,1,2,2,2,0,0,acc
1593,low,med,5more,2,small,low,unacc,1,2,3,0,2,1,unacc
1594,low,med,5more,2,small,med,unacc,1,2,3,0,2,2,unacc
1595,low,med,5more,2,small,high,unacc,1,2,3,0,2,0,unacc
1596,low,med,5more,2,med,low,unacc,1,2,3,0,1,1,unacc
1597,low,med,5more,2,med,med,unacc,1,2,3,0,1,2,unacc
1598,low,med,5more,2,med,high,unacc,1,2,3,0,1,0,unacc
1599,low,med,5more,2,big,low,unacc,1,2,3,0,0,1,unacc
1600,low,med,5more,2,big,med,unacc,1,2,3,0,0,2,unacc
1601,low,med,5more,2,big,high,unacc,1,2,3,0,0,0,unacc
1602,low,med,5more,4,small,low,unacc,1,2,3,1,2,1,unacc
1603,low,med,5more,4,small,med,acc,1,2,3,1,2,2,acc
1604,low,med,5more,4,small,high,good,1,2,3,1,2,0,acc
1605,low,med,5more,4,med,low,unacc,1,2,3,1,1,1,unacc
1606,low,med,5more,4,med,med,good,1,2,3,1,1,2,acc
1607,low,med,5more,4,med,high,vgood,1,2,3,1,1,0,vgood
1608,low,med,5more,4,big,low,unacc,1,2,3,1,0,1,unacc
1609,low,med,5more,4,big,med,good,1,2,3,1,0,2,good
1610,low,med,5more,4,big,high,vgood,1,2,3,1,0,0,acc
1611,low,med,5more,more,small,low,unacc,1,2,3,2,2,1,unacc
1612,low,med,5more,more,small,med,acc,1,2,3,2,2,2,acc
1613,low,med,5more,more,small,high,good,1,2,3,2,2,0,good
1614,low,med,5more,more,med,low,unacc,1,2,3,2,1,1,unacc
1615,low,med,5more,more,med,med,good,1,2,3,2,1,2,acc
1616,low,med,5more,more,med,high,vgood,1,2,3,2,1,0,vgood
1617,low,med,5more,more,big,low,unacc,1,2,3,2,0,1,unacc
1618,low,med,5more,more,big,med,good,1,2,3,2,0,2,good
1619,low,med,5more,more,big,high,vgood,1,2,3,2,0,0,vgood
1620,low,low,2,2,small,low,unacc,1,1,0,0,2,1,unacc
1621,low,low,2,2,small,med,unacc,1,1,0,0,2,2,unacc
1622,low,low,2,2,small,high,unacc,1,1,0,0,2,0,unacc
1623,low,low,2,2,med,low,unacc,1,1,0,0,1,1,unacc
1624,low,low,2,2,med,med,unacc,1,1,0,0,1,2,unacc
1625,low,low,2,2,med,high,unacc,1,1,0,0,1,0,unacc
1626,low,low,2,2,big,low,unacc,1,1,0,0,0,1,unacc
1627,low,low,2,2,big,med,unacc,1,1,0,0,0,2,unacc
1628,low,low,2,2,big,high,unacc,1,1,0,0,0,0,unacc
1629,low,low,2,4,small,low,unacc,1,1,0,1,2,1,unacc
1630,low,low,2,4,small,med,acc,1,1,0,1,2,2,acc
1631,low,low,2,4,small,high,good,1,1,0,1,2,0,good
1632,low,low,2,4,med,low,unacc,1,1,0,1,1,1,unacc
1633,low,low,2,4,med,med,acc,1,1,0,1,1,2,acc
1634,low,low,2,4,med,high,good,1,1,0,1,1,0,good
1635,low,low,2,4,big,low,unacc,1,1,0,1,0,1,unacc
1636,low,low,2,4,big,med,good,1,1,0,1,0,2,good
1637,low,low,2,4,big,high,vgood,1,1,0,1,0,0,unacc
1638,low,low,2,more,small,low,unacc,1,1,0,2,2,1,unacc
1639,low,low,2,more,small,med,unacc,1,1,0,2,2,2,acc
1640,low,low,2,more,small,high,unacc,1,1,0,2,2,0,unacc
1641,low,low,2,more,med,low,unacc,1,1,0,2,1,1,unacc
1642,low,low,2,more,med,med,acc,1,1,0,2,1,2,acc
1643,low,low,2,more,med,high,good,1,1,0,2,1,0,unacc
1644,low,low,2,more,big,low,unacc,1,1,0,2,0,1,unacc
1645,low,low,2,more,big,med,good,1,1,0,2,0,2,good
1646,low,low,2,more,big,high,vgood,1,1,0,2,0,0,vgood
1647,low,low,3,2,small,low,unacc,1,1,1,0,2,1,unacc
1648,low,low,3,2,small,med,unacc,1,1,1,0,2,2,unacc
1649,low,low,3,2,small,high,unacc,1,1,1,0,2,0,unacc
1650,low,low,3,2,med,low,unacc,1,1,1,0,1,1,unacc
1651,low,low,3,2,med,med,unacc,1,1,1,0,1,2,unacc
1652,low,low,3,2,med,high,unacc,1,1,1,0,1,0,unacc
1653,low,low,3,2,big,low,unacc,1,1,1,0,0,1,unacc
1654,low,low,3,2,big,med,unacc,1,1,1,0,0,2,unacc
1655,low,low,3,2,big,high,unacc,1,1,1,0,0,0,unacc
1656,low,low,3,4,small,low,unacc,1,1,1,1,2,1,unacc
1657,low,low,3,4,small,med,acc,1,1,1,1,2,2,acc
1658,low,low,3,4,small,high,good,1,1,1,1,2,0,good
1659,low,low,3,4,med,low,unacc,1,1,1,1,1,1,unacc
1660,low,low,3,4,med,med,acc,1,1,1,1,1,2,acc
1661,low,low,3,4,med,high,good,1,1,1,1,1,0,good
1662,low,low,3,4,big,low,unacc,1,1,1,1,0,1,unacc
1663,low,low,3,4,big,med,good,1,1,1,1,0,2,acc
1664,low,low,3,4,big,high,vgood,1,1,1,1,0,0,unacc
1665,low,low,3,more,small,low,unacc,1,1,1,2,2,1,unacc
1666,low,low,3,more,small,med,acc,1,1,1,2,2,2,acc
1667,low,low,3,more,small,high,good,1,1,1,2,2,0,unacc
1668,low,low,3,more,med,low,unacc,1,1,1,2,1,1,unacc
1669,low,low,3,more,med,med,good,1,1,1,2,1,2,acc
1670,low,low,3,more,med,high,vgood,1,1,1,2,1,0,vgood
1671,low,low,3,more,big,low,unacc,1,1,1,2,0,1,unacc
1672,low,low,3,more,big,med,good,1,1,1,2,0,2,good
1673,low,low,3,more,big,high,vgood,1,1,1,2,0,0,vgood
1674,low,low,4,2,small,low,unacc,1,1,2,0,2,1,unacc
1675,low,low,4,2,small,med,unacc,1,1,2,0,2,2,unacc
1676,low,low,4,2,small,high,unacc,1,1,2,0,2,0,unacc
1677,low,low,4,2,med,low,unacc,1,1,2,0,1,1,unacc
1678,low,low,4,2,med,med,unacc,1,1,2,0,1,2,unacc
1679,low,low,4,2,med,high,unacc,1,1,2,0,1,0,unacc
1680,low,low,4,2,big,low,unacc,1,1,2,0,0,1,unacc
1681,low,low,4,2,big,med,unacc,1,1,2,0,0,2,unacc
1682,low,low,4,2,big,high,unacc,1,1,2,0,0,0,unacc
1683,low,low,4,4,small,low,unacc,1,1,2,1,2,1,unacc
1684,low,low,4,4,small,med,acc,1,1,2,1,2,2,acc
1685,low,low,4,4,small,high,good,1,1,2,1,2,0,good
1686,low,low,4,4,med,low,unacc,1,1,2,1,1,1,unacc
1687,low,low,4,4,med,med,good,1,1,2,1,1,2,acc
1688,low,low,4,4,med,high,vgood,1,1,2,1,1,0,unacc
1689,low,low,4,4,big,low,unacc,1,1,2,1,0,1,unacc
1690,low,low,4,4,big,med,good,1,1,2,1,0,2,good
1691,low,low,4,4,big,high,vgood,1,1,2,1,0,0,vgood
1692,low,low,4,more,small,low,unacc,1,1,2,2,2,1,unacc
1693,low,low,4,more,small,med,acc,1,1,2,2,2,2,acc
1694,low,low,4,more,small,high,good,1,1,2,2,2,0,good
1695,low,low,4,more,med,low,unacc,1,1,2,2,1,1,unacc
1696,low,low,4,more,med,med,good,1,1,2,2,1,2,good
1697,low,low,4,more,med,high,vgood,1,1,2,2,1,0,vgood
1698,low,low,4,more,big,low,unacc,1,1,2,2,0,1,unacc
1699,low,low,4,more,big,med,good,1,1,2,2,0,2,good
1700,low,low,4,more,big,high,vgood,1,1,2,2,0,0,vgood
1701,low,low,5more,2,small,low,unacc,1,1,3,0,2,1,unacc
1702,low,low,5more,2,small,med,unacc,1,1,3,0,2,2,unacc
1703,low,low,5more,2,small,high,unacc,1,1,3,0,2,0,unacc
1704,low,low,5more,2,med,low,unacc,1,1,3,0,1,1,unacc
1705,low,low,5more,2,med,med,unacc,1,1,3,0,1,2,unacc
1706,low,low,5more,2,med,high,unacc,1,1,3,0,1,0,unacc
1707,low,low,5more,2,big,low,unacc,1,1,3,0,0,1,unacc
1708,low,low,5more,2,big,med,unacc,1,1,3,0,0,2,unacc
1709,low,low,5more,2,big,high,unacc,1,1,3,0,0,0,unacc
1710,low,low,5more,4,small,low,unacc,1,1,3,1,2,1,unacc
1711,low,low,5more,4,small,med,acc,1,1,3,1,2,2,acc
1712,low,low,5more,4,small,high,good,1,1,3,1,2,0,unacc
1713,low,low,5more,4,med,low,unacc,1,1,3,1,1,1,unacc
1714,low,low,5more,4,med,med,good,1,1,3,1,1,2,good
1715,low,low,5more,4,med,high,vgood,1,1,3,1,1,0,unacc
1716,low,low,5more,4,big,low,unacc,1,1,3,1,0,1,unacc
1717,low,low,5more,4,big,med,good,1,1,3,1,0,2,good
1718,low,low,5more,4,big,high,vgood,1,1,3,1,0,0,unacc
1719,low,low,5more,more,small,low,unacc,1,1,3,2,2,1,unacc
1720,low,low,5more,more,small,med,acc,1,1,3,2,2,2,acc
1721,low,low,5more,more,small,high,good,1,1,3,2,2,0,good
1722,low,low,5more,more,med,low,unacc,1,1,3,2,1,1,unacc
1723,low,low,5more,more,med,med,good,1,1,3,2,1,2,good
1724,low,low,5more,more,med,high,vgood,1,1,3,2,1,0,vgood
1725,low,low,5more,more,big,low,unacc,1,1,3,2,0,1,unacc
1726,low,low,5more,more,big,med,good,1,1,3,2,0,2,good
1727,low,low,5more,more,big,high,vgood,1,1,3,2,0,0,vgood
